,K,LogLikelihood,method,test_subject,ROI,dataset
0,10,-3447.4292011032107,voxel,1,early_visual,sherlock
1,11,-3448.2264739275047,voxel,1,early_visual,sherlock
2,12,-3440.49959647941,voxel,1,early_visual,sherlock
3,13,-3439.1829366207685,voxel,1,early_visual,sherlock
4,14,-3446.5289858257456,voxel,1,early_visual,sherlock
5,15,-3445.4630297042336,voxel,1,early_visual,sherlock
6,16,-3439.7138686246376,voxel,1,early_visual,sherlock
7,17,-3435.114461169941,voxel,1,early_visual,sherlock
8,18,-3427.0427235449865,voxel,1,early_visual,sherlock
9,19,-3427.706718589288,voxel,1,early_visual,sherlock
10,20,-3427.9556789628464,voxel,1,early_visual,sherlock
11,21,-3426.2419523211765,voxel,1,early_visual,sherlock
12,22,-3423.161564352112,voxel,1,early_visual,sherlock
13,23,-3427.5530258767485,voxel,1,early_visual,sherlock
14,24,-3427.5502868215945,voxel,1,early_visual,sherlock
15,25,-3426.9373456574335,voxel,1,early_visual,sherlock
16,26,-3428.56465306315,voxel,1,early_visual,sherlock
17,27,-3429.663359543081,voxel,1,early_visual,sherlock
18,28,-3426.3083351898013,voxel,1,early_visual,sherlock
19,29,-3422.4279667043556,voxel,1,early_visual,sherlock
20,30,-3424.3747792726535,voxel,1,early_visual,sherlock
21,31,-3428.939603003305,voxel,1,early_visual,sherlock
22,32,-3421.1373851632284,voxel,1,early_visual,sherlock
23,33,-3420.9767250717255,voxel,1,early_visual,sherlock
24,34,-3420.8581114158337,voxel,1,early_visual,sherlock
25,35,-3423.4732770712712,voxel,1,early_visual,sherlock
26,36,-3422.9767910307387,voxel,1,early_visual,sherlock
27,37,-3421.067943857622,voxel,1,early_visual,sherlock
28,38,-3420.675259821676,voxel,1,early_visual,sherlock
29,39,-3425.11203591027,voxel,1,early_visual,sherlock
30,40,-3421.9860500781033,voxel,1,early_visual,sherlock
31,41,-3425.923329275088,voxel,1,early_visual,sherlock
32,42,-3426.8770440888165,voxel,1,early_visual,sherlock
33,43,-3426.7294703557177,voxel,1,early_visual,sherlock
34,44,-3431.6333376111543,voxel,1,early_visual,sherlock
35,45,-3421.0018881342153,voxel,1,early_visual,sherlock
36,46,-3431.2011869721464,voxel,1,early_visual,sherlock
37,47,-3417.2435155638213,voxel,1,early_visual,sherlock
38,48,-3438.356434669628,voxel,1,early_visual,sherlock
39,49,-3424.605378928706,voxel,1,early_visual,sherlock
40,50,-3430.3404283952423,voxel,1,early_visual,sherlock
41,51,-3430.414321448266,voxel,1,early_visual,sherlock
42,52,-3424.501064333342,voxel,1,early_visual,sherlock
43,53,-3430.7852900603416,voxel,1,early_visual,sherlock
44,54,-3433.3702029026335,voxel,1,early_visual,sherlock
45,55,-3434.8827458555934,voxel,1,early_visual,sherlock
46,56,-3429.3010133579796,voxel,1,early_visual,sherlock
47,57,-3427.945366227318,voxel,1,early_visual,sherlock
48,58,-3429.4530372061668,voxel,1,early_visual,sherlock
49,59,-3431.7730814952592,voxel,1,early_visual,sherlock
50,60,-3433.272264403548,voxel,1,early_visual,sherlock
51,61,-3435.9052329574256,voxel,1,early_visual,sherlock
52,62,-3439.286962214229,voxel,1,early_visual,sherlock
53,63,-3440.7343426539915,voxel,1,early_visual,sherlock
54,64,-3436.6513881597084,voxel,1,early_visual,sherlock
55,65,-3423.1542454687965,voxel,1,early_visual,sherlock
56,66,-3434.7852400841266,voxel,1,early_visual,sherlock
57,67,-3431.9990722483194,voxel,1,early_visual,sherlock
58,68,-3441.0417000118273,voxel,1,early_visual,sherlock
59,69,-3443.5072980467303,voxel,1,early_visual,sherlock
60,70,-3444.034395128855,voxel,1,early_visual,sherlock
61,71,-3441.3355422481154,voxel,1,early_visual,sherlock
62,72,-3436.543774235448,voxel,1,early_visual,sherlock
63,73,-3442.4188783197037,voxel,1,early_visual,sherlock
64,74,-3444.0757830614402,voxel,1,early_visual,sherlock
65,75,-3448.8869009828068,voxel,1,early_visual,sherlock
66,76,-3449.203452556538,voxel,1,early_visual,sherlock
67,77,-3454.382486019508,voxel,1,early_visual,sherlock
68,78,-3453.989670781962,voxel,1,early_visual,sherlock
69,79,-3451.3380650575054,voxel,1,early_visual,sherlock
70,80,-3455.2958291177083,voxel,1,early_visual,sherlock
71,81,-3459.702681700753,voxel,1,early_visual,sherlock
72,82,-3466.8179173613316,voxel,1,early_visual,sherlock
73,83,-3456.206602151385,voxel,1,early_visual,sherlock
74,84,-3466.904802578179,voxel,1,early_visual,sherlock
75,85,-3460.5495980309825,voxel,1,early_visual,sherlock
76,86,-3460.17426558585,voxel,1,early_visual,sherlock
77,87,-3466.1258410548985,voxel,1,early_visual,sherlock
78,88,-3463.7430774725694,voxel,1,early_visual,sherlock
79,89,-3460.6556274601894,voxel,1,early_visual,sherlock
80,90,-3462.46177243356,voxel,1,early_visual,sherlock
81,91,-3466.428320644408,voxel,1,early_visual,sherlock
82,92,-3476.338233386341,voxel,1,early_visual,sherlock
83,93,-3491.4194376408295,voxel,1,early_visual,sherlock
84,94,-3494.69564740789,voxel,1,early_visual,sherlock
85,95,-3468.103366037301,voxel,1,early_visual,sherlock
86,96,-3499.125653724997,voxel,1,early_visual,sherlock
87,97,-3487.36214070737,voxel,1,early_visual,sherlock
88,98,-3481.24618105867,voxel,1,early_visual,sherlock
89,99,-3480.417565801669,voxel,1,early_visual,sherlock
90,100,-3476.25135208104,voxel,1,early_visual,sherlock
91,101,-3488.2975337438534,voxel,1,early_visual,sherlock
92,102,-3477.294116538946,voxel,1,early_visual,sherlock
93,103,-3488.601857021325,voxel,1,early_visual,sherlock
94,104,-3487.066545533303,voxel,1,early_visual,sherlock
95,105,-3497.605743838365,voxel,1,early_visual,sherlock
96,106,-3499.0813352896894,voxel,1,early_visual,sherlock
97,107,-3501.9077658816655,voxel,1,early_visual,sherlock
98,108,-3493.7911985709275,voxel,1,early_visual,sherlock
99,109,-3506.5719302136104,voxel,1,early_visual,sherlock
100,110,-3503.058193555009,voxel,1,early_visual,sherlock
101,111,-3509.0667372402227,voxel,1,early_visual,sherlock
102,112,-3506.819079314237,voxel,1,early_visual,sherlock
103,113,-3505.6511847266215,voxel,1,early_visual,sherlock
104,114,-3512.8500626091686,voxel,1,early_visual,sherlock
105,115,-3504.145418446382,voxel,1,early_visual,sherlock
106,116,-3515.957823607441,voxel,1,early_visual,sherlock
107,117,-3544.4655035505116,voxel,1,early_visual,sherlock
108,118,-3524.806400943987,voxel,1,early_visual,sherlock
109,119,-3532.6647249394923,voxel,1,early_visual,sherlock
0,10,-3418.5893817488313,voxel,2,early_visual,sherlock
1,11,-3416.1869640562904,voxel,2,early_visual,sherlock
2,12,-3415.4450169302886,voxel,2,early_visual,sherlock
3,13,-3412.226295935215,voxel,2,early_visual,sherlock
4,14,-3413.4946035776056,voxel,2,early_visual,sherlock
5,15,-3414.4602217487654,voxel,2,early_visual,sherlock
6,16,-3408.2717216680853,voxel,2,early_visual,sherlock
7,17,-3411.448270720313,voxel,2,early_visual,sherlock
8,18,-3402.0129292334545,voxel,2,early_visual,sherlock
9,19,-3405.6665469485256,voxel,2,early_visual,sherlock
10,20,-3401.0590600619385,voxel,2,early_visual,sherlock
11,21,-3400.800286911749,voxel,2,early_visual,sherlock
12,22,-3387.7933398808723,voxel,2,early_visual,sherlock
13,23,-3389.6479245749774,voxel,2,early_visual,sherlock
14,24,-3385.8783484331207,voxel,2,early_visual,sherlock
15,25,-3386.227973094977,voxel,2,early_visual,sherlock
16,26,-3386.089079659543,voxel,2,early_visual,sherlock
17,27,-3382.3762480949545,voxel,2,early_visual,sherlock
18,28,-3383.886337629379,voxel,2,early_visual,sherlock
19,29,-3377.172502246746,voxel,2,early_visual,sherlock
20,30,-3386.2665271829037,voxel,2,early_visual,sherlock
21,31,-3377.751566909301,voxel,2,early_visual,sherlock
22,32,-3386.3777991724523,voxel,2,early_visual,sherlock
23,33,-3383.469242254449,voxel,2,early_visual,sherlock
24,34,-3380.182475048273,voxel,2,early_visual,sherlock
25,35,-3376.869863324196,voxel,2,early_visual,sherlock
26,36,-3381.154525827675,voxel,2,early_visual,sherlock
27,37,-3378.3463939199864,voxel,2,early_visual,sherlock
28,38,-3379.200292034251,voxel,2,early_visual,sherlock
29,39,-3370.734127079524,voxel,2,early_visual,sherlock
30,40,-3370.2185691358086,voxel,2,early_visual,sherlock
31,41,-3373.5745855911086,voxel,2,early_visual,sherlock
32,42,-3371.479822256676,voxel,2,early_visual,sherlock
33,43,-3372.1168499887594,voxel,2,early_visual,sherlock
34,44,-3364.8573956344903,voxel,2,early_visual,sherlock
35,45,-3366.967119354492,voxel,2,early_visual,sherlock
36,46,-3363.7909055945975,voxel,2,early_visual,sherlock
37,47,-3367.602884601344,voxel,2,early_visual,sherlock
38,48,-3362.3590426229543,voxel,2,early_visual,sherlock
39,49,-3362.7209430325843,voxel,2,early_visual,sherlock
40,50,-3355.599822916898,voxel,2,early_visual,sherlock
41,51,-3359.717373374783,voxel,2,early_visual,sherlock
42,52,-3355.0574887752546,voxel,2,early_visual,sherlock
43,53,-3358.954037126801,voxel,2,early_visual,sherlock
44,54,-3355.595369552657,voxel,2,early_visual,sherlock
45,55,-3367.161849465573,voxel,2,early_visual,sherlock
46,56,-3353.0438229463266,voxel,2,early_visual,sherlock
47,57,-3355.7887107410456,voxel,2,early_visual,sherlock
48,58,-3355.27859399279,voxel,2,early_visual,sherlock
49,59,-3358.1122199499437,voxel,2,early_visual,sherlock
50,60,-3351.584738788957,voxel,2,early_visual,sherlock
51,61,-3345.4444443531042,voxel,2,early_visual,sherlock
52,62,-3344.572263924252,voxel,2,early_visual,sherlock
53,63,-3342.2910978865702,voxel,2,early_visual,sherlock
54,64,-3344.7864125708893,voxel,2,early_visual,sherlock
55,65,-3343.9528139125855,voxel,2,early_visual,sherlock
56,66,-3340.018203800948,voxel,2,early_visual,sherlock
57,67,-3356.40225267094,voxel,2,early_visual,sherlock
58,68,-3352.7658840963627,voxel,2,early_visual,sherlock
59,69,-3349.33451446371,voxel,2,early_visual,sherlock
60,70,-3350.6644749120615,voxel,2,early_visual,sherlock
61,71,-3344.842237699963,voxel,2,early_visual,sherlock
62,72,-3348.867498984822,voxel,2,early_visual,sherlock
63,73,-3343.6691520669947,voxel,2,early_visual,sherlock
64,74,-3345.4836959629865,voxel,2,early_visual,sherlock
65,75,-3355.0432240106547,voxel,2,early_visual,sherlock
66,76,-3356.7757897233473,voxel,2,early_visual,sherlock
67,77,-3349.3132640945028,voxel,2,early_visual,sherlock
68,78,-3356.572473111115,voxel,2,early_visual,sherlock
69,79,-3350.5045814356677,voxel,2,early_visual,sherlock
70,80,-3354.4132812833545,voxel,2,early_visual,sherlock
71,81,-3354.3749132390085,voxel,2,early_visual,sherlock
72,82,-3356.7454035827122,voxel,2,early_visual,sherlock
73,83,-3362.5113963006197,voxel,2,early_visual,sherlock
74,84,-3354.0863929985067,voxel,2,early_visual,sherlock
75,85,-3359.4660693539568,voxel,2,early_visual,sherlock
76,86,-3360.089380941207,voxel,2,early_visual,sherlock
77,87,-3360.7463516699095,voxel,2,early_visual,sherlock
78,88,-3357.466584235391,voxel,2,early_visual,sherlock
79,89,-3358.301767708838,voxel,2,early_visual,sherlock
80,90,-3358.494266025703,voxel,2,early_visual,sherlock
81,91,-3355.156336823388,voxel,2,early_visual,sherlock
82,92,-3356.5118828901304,voxel,2,early_visual,sherlock
83,93,-3361.214491327917,voxel,2,early_visual,sherlock
84,94,-3362.3633340973283,voxel,2,early_visual,sherlock
85,95,-3362.5347565864463,voxel,2,early_visual,sherlock
86,96,-3357.7628618921926,voxel,2,early_visual,sherlock
87,97,-3357.3711223274827,voxel,2,early_visual,sherlock
88,98,-3367.416761635388,voxel,2,early_visual,sherlock
89,99,-3353.9377470353834,voxel,2,early_visual,sherlock
90,100,-3360.1550168505682,voxel,2,early_visual,sherlock
91,101,-3361.4027357179616,voxel,2,early_visual,sherlock
92,102,-3369.300855057978,voxel,2,early_visual,sherlock
93,103,-3361.9128787102964,voxel,2,early_visual,sherlock
94,104,-3376.09744524804,voxel,2,early_visual,sherlock
95,105,-3361.1718039713787,voxel,2,early_visual,sherlock
96,106,-3363.5174050305845,voxel,2,early_visual,sherlock
97,107,-3366.1340194649215,voxel,2,early_visual,sherlock
98,108,-3371.428678543877,voxel,2,early_visual,sherlock
99,109,-3367.4686349048857,voxel,2,early_visual,sherlock
100,110,-3372.758865774281,voxel,2,early_visual,sherlock
101,111,-3377.5378835894276,voxel,2,early_visual,sherlock
102,112,-3369.262740286737,voxel,2,early_visual,sherlock
103,113,-3375.944245234579,voxel,2,early_visual,sherlock
104,114,-3376.1528272006917,voxel,2,early_visual,sherlock
105,115,-3383.1424894103266,voxel,2,early_visual,sherlock
106,116,-3375.4441523008977,voxel,2,early_visual,sherlock
107,117,-3379.8663682000406,voxel,2,early_visual,sherlock
108,118,-3381.0463095304176,voxel,2,early_visual,sherlock
109,119,-3375.9892844172923,voxel,2,early_visual,sherlock
0,10,-3446.3499718952608,voxel,3,early_visual,sherlock
1,11,-3431.9073429566306,voxel,3,early_visual,sherlock
2,12,-3434.0684604400653,voxel,3,early_visual,sherlock
3,13,-3425.91370878565,voxel,3,early_visual,sherlock
4,14,-3429.8992687947693,voxel,3,early_visual,sherlock
5,15,-3426.998420480869,voxel,3,early_visual,sherlock
6,16,-3422.8346339119594,voxel,3,early_visual,sherlock
7,17,-3424.664132515499,voxel,3,early_visual,sherlock
8,18,-3421.595399650267,voxel,3,early_visual,sherlock
9,19,-3421.5541976768714,voxel,3,early_visual,sherlock
10,20,-3419.9410106381165,voxel,3,early_visual,sherlock
11,21,-3421.977051556319,voxel,3,early_visual,sherlock
12,22,-3412.0556525651295,voxel,3,early_visual,sherlock
13,23,-3412.6823570541837,voxel,3,early_visual,sherlock
14,24,-3410.4054132040606,voxel,3,early_visual,sherlock
15,25,-3415.65610843258,voxel,3,early_visual,sherlock
16,26,-3408.3235794814855,voxel,3,early_visual,sherlock
17,27,-3411.3927354595858,voxel,3,early_visual,sherlock
18,28,-3407.9838747243853,voxel,3,early_visual,sherlock
19,29,-3404.300106612905,voxel,3,early_visual,sherlock
20,30,-3404.4269250890934,voxel,3,early_visual,sherlock
21,31,-3409.679677958245,voxel,3,early_visual,sherlock
22,32,-3408.4476904501535,voxel,3,early_visual,sherlock
23,33,-3414.0743607025047,voxel,3,early_visual,sherlock
24,34,-3407.753624468275,voxel,3,early_visual,sherlock
25,35,-3410.9150992510977,voxel,3,early_visual,sherlock
26,36,-3410.2202443784277,voxel,3,early_visual,sherlock
27,37,-3407.9980537292745,voxel,3,early_visual,sherlock
28,38,-3407.0101805616564,voxel,3,early_visual,sherlock
29,39,-3412.9785534692587,voxel,3,early_visual,sherlock
30,40,-3412.548185652045,voxel,3,early_visual,sherlock
31,41,-3417.4738158572427,voxel,3,early_visual,sherlock
32,42,-3414.0763629798266,voxel,3,early_visual,sherlock
33,43,-3412.049371297418,voxel,3,early_visual,sherlock
34,44,-3414.862081043844,voxel,3,early_visual,sherlock
35,45,-3407.5807542231205,voxel,3,early_visual,sherlock
36,46,-3414.8412036901877,voxel,3,early_visual,sherlock
37,47,-3407.4259912526663,voxel,3,early_visual,sherlock
38,48,-3414.1232397372314,voxel,3,early_visual,sherlock
39,49,-3411.610675260247,voxel,3,early_visual,sherlock
40,50,-3403.146562726021,voxel,3,early_visual,sherlock
41,51,-3412.4018101830825,voxel,3,early_visual,sherlock
42,52,-3405.3849101546884,voxel,3,early_visual,sherlock
43,53,-3408.509083567501,voxel,3,early_visual,sherlock
44,54,-3402.0661023394923,voxel,3,early_visual,sherlock
45,55,-3413.321644200166,voxel,3,early_visual,sherlock
46,56,-3408.387601763737,voxel,3,early_visual,sherlock
47,57,-3411.858846406523,voxel,3,early_visual,sherlock
48,58,-3404.1136054880935,voxel,3,early_visual,sherlock
49,59,-3404.948970467099,voxel,3,early_visual,sherlock
50,60,-3410.1454394746793,voxel,3,early_visual,sherlock
51,61,-3402.874047743553,voxel,3,early_visual,sherlock
52,62,-3408.8731398712475,voxel,3,early_visual,sherlock
53,63,-3402.486301090548,voxel,3,early_visual,sherlock
54,64,-3411.850497006459,voxel,3,early_visual,sherlock
55,65,-3410.868035664298,voxel,3,early_visual,sherlock
56,66,-3411.2983552003943,voxel,3,early_visual,sherlock
57,67,-3424.1732595325216,voxel,3,early_visual,sherlock
58,68,-3409.301388889378,voxel,3,early_visual,sherlock
59,69,-3408.0981110138855,voxel,3,early_visual,sherlock
60,70,-3414.2996707084567,voxel,3,early_visual,sherlock
61,71,-3416.038227299922,voxel,3,early_visual,sherlock
62,72,-3417.65455425964,voxel,3,early_visual,sherlock
63,73,-3408.245818115934,voxel,3,early_visual,sherlock
64,74,-3425.535053433059,voxel,3,early_visual,sherlock
65,75,-3426.006335972195,voxel,3,early_visual,sherlock
66,76,-3419.6288780645314,voxel,3,early_visual,sherlock
67,77,-3420.824794837738,voxel,3,early_visual,sherlock
68,78,-3417.6229460240647,voxel,3,early_visual,sherlock
69,79,-3424.608009570783,voxel,3,early_visual,sherlock
70,80,-3425.6296720063033,voxel,3,early_visual,sherlock
71,81,-3420.5902231961745,voxel,3,early_visual,sherlock
72,82,-3430.2489247069807,voxel,3,early_visual,sherlock
73,83,-3419.9574793995694,voxel,3,early_visual,sherlock
74,84,-3428.541720527778,voxel,3,early_visual,sherlock
75,85,-3428.257566582379,voxel,3,early_visual,sherlock
76,86,-3441.6365227298165,voxel,3,early_visual,sherlock
77,87,-3429.6269810608337,voxel,3,early_visual,sherlock
78,88,-3432.8659516747625,voxel,3,early_visual,sherlock
79,89,-3438.542088706571,voxel,3,early_visual,sherlock
80,90,-3436.7073506743423,voxel,3,early_visual,sherlock
81,91,-3436.916122005936,voxel,3,early_visual,sherlock
82,92,-3439.573501628536,voxel,3,early_visual,sherlock
83,93,-3433.518140505661,voxel,3,early_visual,sherlock
84,94,-3442.1889183184626,voxel,3,early_visual,sherlock
85,95,-3439.129615805683,voxel,3,early_visual,sherlock
86,96,-3443.649991022799,voxel,3,early_visual,sherlock
87,97,-3436.1780148107878,voxel,3,early_visual,sherlock
88,98,-3451.527665569479,voxel,3,early_visual,sherlock
89,99,-3445.364273708415,voxel,3,early_visual,sherlock
90,100,-3449.562784236237,voxel,3,early_visual,sherlock
91,101,-3449.4342477447994,voxel,3,early_visual,sherlock
92,102,-3451.2931496201736,voxel,3,early_visual,sherlock
93,103,-3461.6846950553486,voxel,3,early_visual,sherlock
94,104,-3462.949783788123,voxel,3,early_visual,sherlock
95,105,-3459.1645937608164,voxel,3,early_visual,sherlock
96,106,-3448.584949180444,voxel,3,early_visual,sherlock
97,107,-3458.9271281657584,voxel,3,early_visual,sherlock
98,108,-3457.503088563947,voxel,3,early_visual,sherlock
99,109,-3461.168513534353,voxel,3,early_visual,sherlock
100,110,-3463.723455566738,voxel,3,early_visual,sherlock
101,111,-3462.960483014051,voxel,3,early_visual,sherlock
102,112,-3462.920812406893,voxel,3,early_visual,sherlock
103,113,-3466.631226487548,voxel,3,early_visual,sherlock
104,114,-3467.432388864021,voxel,3,early_visual,sherlock
105,115,-3468.309685086433,voxel,3,early_visual,sherlock
106,116,-3466.69391941214,voxel,3,early_visual,sherlock
107,117,-3471.787882761352,voxel,3,early_visual,sherlock
108,118,-3465.7328358071454,voxel,3,early_visual,sherlock
109,119,-3473.8527922605026,voxel,3,early_visual,sherlock
0,10,-3438.5065585354923,voxel,4,early_visual,sherlock
1,11,-3434.2868783485897,voxel,4,early_visual,sherlock
2,12,-3435.647740246134,voxel,4,early_visual,sherlock
3,13,-3429.3824483089666,voxel,4,early_visual,sherlock
4,14,-3435.156202632344,voxel,4,early_visual,sherlock
5,15,-3428.579498004494,voxel,4,early_visual,sherlock
6,16,-3425.818611520904,voxel,4,early_visual,sherlock
7,17,-3430.183078531248,voxel,4,early_visual,sherlock
8,18,-3417.8813673240893,voxel,4,early_visual,sherlock
9,19,-3416.659641120797,voxel,4,early_visual,sherlock
10,20,-3415.88267847766,voxel,4,early_visual,sherlock
11,21,-3419.1618682805088,voxel,4,early_visual,sherlock
12,22,-3410.585504399289,voxel,4,early_visual,sherlock
13,23,-3403.9697491161446,voxel,4,early_visual,sherlock
14,24,-3406.5211156735713,voxel,4,early_visual,sherlock
15,25,-3406.6121890995933,voxel,4,early_visual,sherlock
16,26,-3401.329019765157,voxel,4,early_visual,sherlock
17,27,-3402.037587752277,voxel,4,early_visual,sherlock
18,28,-3397.1556658204067,voxel,4,early_visual,sherlock
19,29,-3393.169706852996,voxel,4,early_visual,sherlock
20,30,-3400.7649487652,voxel,4,early_visual,sherlock
21,31,-3393.126996540758,voxel,4,early_visual,sherlock
22,32,-3392.773056516489,voxel,4,early_visual,sherlock
23,33,-3389.7897840341748,voxel,4,early_visual,sherlock
24,34,-3390.2325475510315,voxel,4,early_visual,sherlock
25,35,-3395.4243323895776,voxel,4,early_visual,sherlock
26,36,-3390.850359186909,voxel,4,early_visual,sherlock
27,37,-3399.77959678852,voxel,4,early_visual,sherlock
28,38,-3392.168618659414,voxel,4,early_visual,sherlock
29,39,-3390.762435506089,voxel,4,early_visual,sherlock
30,40,-3396.210831727024,voxel,4,early_visual,sherlock
31,41,-3393.12458963869,voxel,4,early_visual,sherlock
32,42,-3395.03475556218,voxel,4,early_visual,sherlock
33,43,-3392.3384992096935,voxel,4,early_visual,sherlock
34,44,-3392.171863630363,voxel,4,early_visual,sherlock
35,45,-3387.0370255354874,voxel,4,early_visual,sherlock
36,46,-3384.774878456087,voxel,4,early_visual,sherlock
37,47,-3384.091630859224,voxel,4,early_visual,sherlock
38,48,-3382.5974292743217,voxel,4,early_visual,sherlock
39,49,-3386.315948539265,voxel,4,early_visual,sherlock
40,50,-3382.843806091096,voxel,4,early_visual,sherlock
41,51,-3377.944699837533,voxel,4,early_visual,sherlock
42,52,-3375.7205018028126,voxel,4,early_visual,sherlock
43,53,-3382.9772572514084,voxel,4,early_visual,sherlock
44,54,-3382.3386135773308,voxel,4,early_visual,sherlock
45,55,-3375.7295922660014,voxel,4,early_visual,sherlock
46,56,-3377.0153849698922,voxel,4,early_visual,sherlock
47,57,-3373.952165101417,voxel,4,early_visual,sherlock
48,58,-3366.191204183467,voxel,4,early_visual,sherlock
49,59,-3364.385255787306,voxel,4,early_visual,sherlock
50,60,-3371.1900339076037,voxel,4,early_visual,sherlock
51,61,-3370.0889714831583,voxel,4,early_visual,sherlock
52,62,-3370.2856488396287,voxel,4,early_visual,sherlock
53,63,-3371.4275112938776,voxel,4,early_visual,sherlock
54,64,-3367.7103482195625,voxel,4,early_visual,sherlock
55,65,-3363.487868033441,voxel,4,early_visual,sherlock
56,66,-3364.4661632185507,voxel,4,early_visual,sherlock
57,67,-3370.724294610851,voxel,4,early_visual,sherlock
58,68,-3367.7616421309885,voxel,4,early_visual,sherlock
59,69,-3367.9944342622834,voxel,4,early_visual,sherlock
60,70,-3366.1222713256857,voxel,4,early_visual,sherlock
61,71,-3368.031187569253,voxel,4,early_visual,sherlock
62,72,-3368.389010721636,voxel,4,early_visual,sherlock
63,73,-3368.2145025615673,voxel,4,early_visual,sherlock
64,74,-3371.315654291486,voxel,4,early_visual,sherlock
65,75,-3366.719006581361,voxel,4,early_visual,sherlock
66,76,-3371.5707925025335,voxel,4,early_visual,sherlock
67,77,-3366.8517709986163,voxel,4,early_visual,sherlock
68,78,-3365.779999394212,voxel,4,early_visual,sherlock
69,79,-3372.9957217440756,voxel,4,early_visual,sherlock
70,80,-3372.7687219667537,voxel,4,early_visual,sherlock
71,81,-3376.7130525205775,voxel,4,early_visual,sherlock
72,82,-3374.2607017565183,voxel,4,early_visual,sherlock
73,83,-3370.862536048281,voxel,4,early_visual,sherlock
74,84,-3368.6574603602685,voxel,4,early_visual,sherlock
75,85,-3366.5252134663347,voxel,4,early_visual,sherlock
76,86,-3380.766079391339,voxel,4,early_visual,sherlock
77,87,-3372.8186405249353,voxel,4,early_visual,sherlock
78,88,-3383.387845068951,voxel,4,early_visual,sherlock
79,89,-3382.795316663682,voxel,4,early_visual,sherlock
80,90,-3382.511460957337,voxel,4,early_visual,sherlock
81,91,-3380.5464947737446,voxel,4,early_visual,sherlock
82,92,-3378.5467127475704,voxel,4,early_visual,sherlock
83,93,-3382.702835821618,voxel,4,early_visual,sherlock
84,94,-3380.807953671562,voxel,4,early_visual,sherlock
85,95,-3388.3327414962614,voxel,4,early_visual,sherlock
86,96,-3390.522991659111,voxel,4,early_visual,sherlock
87,97,-3391.2098288835928,voxel,4,early_visual,sherlock
88,98,-3389.4182588743315,voxel,4,early_visual,sherlock
89,99,-3382.1930932425703,voxel,4,early_visual,sherlock
90,100,-3386.156934138753,voxel,4,early_visual,sherlock
91,101,-3388.7115307058857,voxel,4,early_visual,sherlock
92,102,-3392.876691794512,voxel,4,early_visual,sherlock
93,103,-3390.449793208274,voxel,4,early_visual,sherlock
94,104,-3394.4606990628386,voxel,4,early_visual,sherlock
95,105,-3393.255265569863,voxel,4,early_visual,sherlock
96,106,-3394.629473246348,voxel,4,early_visual,sherlock
97,107,-3391.2441538457,voxel,4,early_visual,sherlock
98,108,-3391.4382069636526,voxel,4,early_visual,sherlock
99,109,-3392.383497225927,voxel,4,early_visual,sherlock
100,110,-3394.3010341593035,voxel,4,early_visual,sherlock
101,111,-3397.036587651185,voxel,4,early_visual,sherlock
102,112,-3387.0949296324184,voxel,4,early_visual,sherlock
103,113,-3392.8629848985315,voxel,4,early_visual,sherlock
104,114,-3400.149224148435,voxel,4,early_visual,sherlock
105,115,-3393.9469830185853,voxel,4,early_visual,sherlock
106,116,-3392.4820427013938,voxel,4,early_visual,sherlock
107,117,-3400.9961924210897,voxel,4,early_visual,sherlock
108,118,-3405.8643301434886,voxel,4,early_visual,sherlock
109,119,-3406.0519478797355,voxel,4,early_visual,sherlock
0,10,-3428.0635753588576,voxel,5,early_visual,sherlock
1,11,-3421.2954031369563,voxel,5,early_visual,sherlock
2,12,-3421.403470492197,voxel,5,early_visual,sherlock
3,13,-3407.0233284253304,voxel,5,early_visual,sherlock
4,14,-3422.6058852188207,voxel,5,early_visual,sherlock
5,15,-3420.5209669088395,voxel,5,early_visual,sherlock
6,16,-3410.9771617781016,voxel,5,early_visual,sherlock
7,17,-3422.3757339336635,voxel,5,early_visual,sherlock
8,18,-3407.6167810970846,voxel,5,early_visual,sherlock
9,19,-3410.467007642845,voxel,5,early_visual,sherlock
10,20,-3408.4715238591543,voxel,5,early_visual,sherlock
11,21,-3408.690860919506,voxel,5,early_visual,sherlock
12,22,-3401.747083249244,voxel,5,early_visual,sherlock
13,23,-3397.0850768358155,voxel,5,early_visual,sherlock
14,24,-3402.6069321039527,voxel,5,early_visual,sherlock
15,25,-3403.1632972743446,voxel,5,early_visual,sherlock
16,26,-3399.6321019841516,voxel,5,early_visual,sherlock
17,27,-3397.8833872724845,voxel,5,early_visual,sherlock
18,28,-3397.2419761565566,voxel,5,early_visual,sherlock
19,29,-3398.294177534999,voxel,5,early_visual,sherlock
20,30,-3393.8187602431617,voxel,5,early_visual,sherlock
21,31,-3390.7376035083357,voxel,5,early_visual,sherlock
22,32,-3396.8017834380053,voxel,5,early_visual,sherlock
23,33,-3398.0631548520564,voxel,5,early_visual,sherlock
24,34,-3394.5702811453757,voxel,5,early_visual,sherlock
25,35,-3399.769989086833,voxel,5,early_visual,sherlock
26,36,-3395.716056838549,voxel,5,early_visual,sherlock
27,37,-3390.3035672668084,voxel,5,early_visual,sherlock
28,38,-3398.6772788473068,voxel,5,early_visual,sherlock
29,39,-3391.2728460961875,voxel,5,early_visual,sherlock
30,40,-3394.7776715326913,voxel,5,early_visual,sherlock
31,41,-3397.841418014104,voxel,5,early_visual,sherlock
32,42,-3395.84397608967,voxel,5,early_visual,sherlock
33,43,-3381.416628115883,voxel,5,early_visual,sherlock
34,44,-3388.379939248431,voxel,5,early_visual,sherlock
35,45,-3382.6438328308445,voxel,5,early_visual,sherlock
36,46,-3386.1910918983613,voxel,5,early_visual,sherlock
37,47,-3372.866173090836,voxel,5,early_visual,sherlock
38,48,-3384.93146411784,voxel,5,early_visual,sherlock
39,49,-3384.6174200917408,voxel,5,early_visual,sherlock
40,50,-3366.3370311697645,voxel,5,early_visual,sherlock
41,51,-3371.9012170522847,voxel,5,early_visual,sherlock
42,52,-3367.976432151169,voxel,5,early_visual,sherlock
43,53,-3373.2066552274755,voxel,5,early_visual,sherlock
44,54,-3354.744819621722,voxel,5,early_visual,sherlock
45,55,-3366.501354771198,voxel,5,early_visual,sherlock
46,56,-3375.699689538822,voxel,5,early_visual,sherlock
47,57,-3359.670831973502,voxel,5,early_visual,sherlock
48,58,-3367.2210442102923,voxel,5,early_visual,sherlock
49,59,-3360.8177163543137,voxel,5,early_visual,sherlock
50,60,-3368.6518707554665,voxel,5,early_visual,sherlock
51,61,-3356.731160545142,voxel,5,early_visual,sherlock
52,62,-3366.6781033595344,voxel,5,early_visual,sherlock
53,63,-3366.4920331714457,voxel,5,early_visual,sherlock
54,64,-3367.003196430168,voxel,5,early_visual,sherlock
55,65,-3368.408836749237,voxel,5,early_visual,sherlock
56,66,-3374.2858390456126,voxel,5,early_visual,sherlock
57,67,-3366.2702540059795,voxel,5,early_visual,sherlock
58,68,-3382.190191588287,voxel,5,early_visual,sherlock
59,69,-3373.8823677006944,voxel,5,early_visual,sherlock
60,70,-3368.5652447451143,voxel,5,early_visual,sherlock
61,71,-3376.5019738914966,voxel,5,early_visual,sherlock
62,72,-3374.247680741357,voxel,5,early_visual,sherlock
63,73,-3369.3064673115487,voxel,5,early_visual,sherlock
64,74,-3374.586472682227,voxel,5,early_visual,sherlock
65,75,-3373.631616131153,voxel,5,early_visual,sherlock
66,76,-3376.599748633647,voxel,5,early_visual,sherlock
67,77,-3377.6381644907083,voxel,5,early_visual,sherlock
68,78,-3379.3676304487076,voxel,5,early_visual,sherlock
69,79,-3373.2806731105925,voxel,5,early_visual,sherlock
70,80,-3388.9821317348797,voxel,5,early_visual,sherlock
71,81,-3374.0013214340756,voxel,5,early_visual,sherlock
72,82,-3389.515034086402,voxel,5,early_visual,sherlock
73,83,-3380.2767985603805,voxel,5,early_visual,sherlock
74,84,-3382.254001256587,voxel,5,early_visual,sherlock
75,85,-3371.7588136695676,voxel,5,early_visual,sherlock
76,86,-3381.7007310014756,voxel,5,early_visual,sherlock
77,87,-3376.002476321919,voxel,5,early_visual,sherlock
78,88,-3384.65385472124,voxel,5,early_visual,sherlock
79,89,-3396.659489437657,voxel,5,early_visual,sherlock
80,90,-3382.537178055476,voxel,5,early_visual,sherlock
81,91,-3373.8633588510907,voxel,5,early_visual,sherlock
82,92,-3392.43461712782,voxel,5,early_visual,sherlock
83,93,-3391.441640810534,voxel,5,early_visual,sherlock
84,94,-3383.4332155070583,voxel,5,early_visual,sherlock
85,95,-3392.732384857642,voxel,5,early_visual,sherlock
86,96,-3396.2968965288164,voxel,5,early_visual,sherlock
87,97,-3397.044217162284,voxel,5,early_visual,sherlock
88,98,-3396.320057019236,voxel,5,early_visual,sherlock
89,99,-3391.7635594778912,voxel,5,early_visual,sherlock
90,100,-3385.4972436921885,voxel,5,early_visual,sherlock
91,101,-3397.705894590658,voxel,5,early_visual,sherlock
92,102,-3402.5700092784937,voxel,5,early_visual,sherlock
93,103,-3401.4821550371266,voxel,5,early_visual,sherlock
94,104,-3390.9257193642366,voxel,5,early_visual,sherlock
95,105,-3397.020616988219,voxel,5,early_visual,sherlock
96,106,-3404.7487406471223,voxel,5,early_visual,sherlock
97,107,-3393.4713963798176,voxel,5,early_visual,sherlock
98,108,-3401.583827487473,voxel,5,early_visual,sherlock
99,109,-3404.73644170101,voxel,5,early_visual,sherlock
100,110,-3408.243478665435,voxel,5,early_visual,sherlock
101,111,-3399.1111211338466,voxel,5,early_visual,sherlock
102,112,-3397.767336242149,voxel,5,early_visual,sherlock
103,113,-3413.35345178632,voxel,5,early_visual,sherlock
104,114,-3406.426250846463,voxel,5,early_visual,sherlock
105,115,-3411.475194856738,voxel,5,early_visual,sherlock
106,116,-3410.5290622783796,voxel,5,early_visual,sherlock
107,117,-3406.694199434007,voxel,5,early_visual,sherlock
108,118,-3403.4835792117287,voxel,5,early_visual,sherlock
109,119,-3408.7159354999744,voxel,5,early_visual,sherlock
0,10,-3407.754470401695,voxel,6,early_visual,sherlock
1,11,-3407.9399424072417,voxel,6,early_visual,sherlock
2,12,-3401.5394057901312,voxel,6,early_visual,sherlock
3,13,-3393.069108421103,voxel,6,early_visual,sherlock
4,14,-3398.456488509066,voxel,6,early_visual,sherlock
5,15,-3390.3578571082785,voxel,6,early_visual,sherlock
6,16,-3387.433065527168,voxel,6,early_visual,sherlock
7,17,-3397.418879567023,voxel,6,early_visual,sherlock
8,18,-3379.1984554518112,voxel,6,early_visual,sherlock
9,19,-3380.1944521385644,voxel,6,early_visual,sherlock
10,20,-3377.1806116415178,voxel,6,early_visual,sherlock
11,21,-3376.173069512304,voxel,6,early_visual,sherlock
12,22,-3373.9151935751156,voxel,6,early_visual,sherlock
13,23,-3372.3189256411774,voxel,6,early_visual,sherlock
14,24,-3374.409116366735,voxel,6,early_visual,sherlock
15,25,-3368.9364762120276,voxel,6,early_visual,sherlock
16,26,-3370.227970098188,voxel,6,early_visual,sherlock
17,27,-3371.811288472219,voxel,6,early_visual,sherlock
18,28,-3376.499623567878,voxel,6,early_visual,sherlock
19,29,-3357.768773377581,voxel,6,early_visual,sherlock
20,30,-3360.7251393602223,voxel,6,early_visual,sherlock
21,31,-3353.7319947623155,voxel,6,early_visual,sherlock
22,32,-3355.446762178706,voxel,6,early_visual,sherlock
23,33,-3356.624459384335,voxel,6,early_visual,sherlock
24,34,-3350.6600150263794,voxel,6,early_visual,sherlock
25,35,-3349.9641417587377,voxel,6,early_visual,sherlock
26,36,-3352.215550575385,voxel,6,early_visual,sherlock
27,37,-3352.080123123267,voxel,6,early_visual,sherlock
28,38,-3347.635466876822,voxel,6,early_visual,sherlock
29,39,-3352.7148426249423,voxel,6,early_visual,sherlock
30,40,-3351.7018628706605,voxel,6,early_visual,sherlock
31,41,-3351.3704890090276,voxel,6,early_visual,sherlock
32,42,-3346.972345041959,voxel,6,early_visual,sherlock
33,43,-3350.0994289924392,voxel,6,early_visual,sherlock
34,44,-3351.06670882953,voxel,6,early_visual,sherlock
35,45,-3345.634192084705,voxel,6,early_visual,sherlock
36,46,-3345.1937882693906,voxel,6,early_visual,sherlock
37,47,-3346.9794027015873,voxel,6,early_visual,sherlock
38,48,-3347.9840756883036,voxel,6,early_visual,sherlock
39,49,-3348.5589720887137,voxel,6,early_visual,sherlock
40,50,-3348.5550432896885,voxel,6,early_visual,sherlock
41,51,-3350.3089209753166,voxel,6,early_visual,sherlock
42,52,-3353.502097827179,voxel,6,early_visual,sherlock
43,53,-3351.8704995210787,voxel,6,early_visual,sherlock
44,54,-3352.272873618972,voxel,6,early_visual,sherlock
45,55,-3343.854760670601,voxel,6,early_visual,sherlock
46,56,-3347.4847401424586,voxel,6,early_visual,sherlock
47,57,-3347.598651327169,voxel,6,early_visual,sherlock
48,58,-3342.386503432091,voxel,6,early_visual,sherlock
49,59,-3346.78611541182,voxel,6,early_visual,sherlock
50,60,-3348.3690117334013,voxel,6,early_visual,sherlock
51,61,-3349.1293707396717,voxel,6,early_visual,sherlock
52,62,-3347.9769837499002,voxel,6,early_visual,sherlock
53,63,-3346.602029351499,voxel,6,early_visual,sherlock
54,64,-3346.6559733066874,voxel,6,early_visual,sherlock
55,65,-3346.2897551023166,voxel,6,early_visual,sherlock
56,66,-3349.0287171462187,voxel,6,early_visual,sherlock
57,67,-3345.456703222207,voxel,6,early_visual,sherlock
58,68,-3348.3602449064356,voxel,6,early_visual,sherlock
59,69,-3353.71274507442,voxel,6,early_visual,sherlock
60,70,-3343.6263770081355,voxel,6,early_visual,sherlock
61,71,-3357.780177193768,voxel,6,early_visual,sherlock
62,72,-3353.1077409688264,voxel,6,early_visual,sherlock
63,73,-3349.9691465532183,voxel,6,early_visual,sherlock
64,74,-3354.959013436426,voxel,6,early_visual,sherlock
65,75,-3357.3932843246607,voxel,6,early_visual,sherlock
66,76,-3359.6981782018684,voxel,6,early_visual,sherlock
67,77,-3357.048324699977,voxel,6,early_visual,sherlock
68,78,-3361.549418822841,voxel,6,early_visual,sherlock
69,79,-3363.721316566635,voxel,6,early_visual,sherlock
70,80,-3358.3425369419424,voxel,6,early_visual,sherlock
71,81,-3365.534458511074,voxel,6,early_visual,sherlock
72,82,-3356.0948099790958,voxel,6,early_visual,sherlock
73,83,-3364.0587364224907,voxel,6,early_visual,sherlock
74,84,-3367.4900870735773,voxel,6,early_visual,sherlock
75,85,-3363.3893939987347,voxel,6,early_visual,sherlock
76,86,-3367.0522961668894,voxel,6,early_visual,sherlock
77,87,-3362.139162986407,voxel,6,early_visual,sherlock
78,88,-3377.2948883126696,voxel,6,early_visual,sherlock
79,89,-3361.238311706016,voxel,6,early_visual,sherlock
80,90,-3370.987853099461,voxel,6,early_visual,sherlock
81,91,-3367.8403328052086,voxel,6,early_visual,sherlock
82,92,-3373.345004260774,voxel,6,early_visual,sherlock
83,93,-3369.698131683361,voxel,6,early_visual,sherlock
84,94,-3377.0162233087053,voxel,6,early_visual,sherlock
85,95,-3364.024639130438,voxel,6,early_visual,sherlock
86,96,-3376.5594738347118,voxel,6,early_visual,sherlock
87,97,-3373.348185597851,voxel,6,early_visual,sherlock
88,98,-3368.6328496413503,voxel,6,early_visual,sherlock
89,99,-3377.2097243238354,voxel,6,early_visual,sherlock
90,100,-3376.437436537722,voxel,6,early_visual,sherlock
91,101,-3375.387041419455,voxel,6,early_visual,sherlock
92,102,-3380.637490100496,voxel,6,early_visual,sherlock
93,103,-3376.6291664514106,voxel,6,early_visual,sherlock
94,104,-3383.4370088156093,voxel,6,early_visual,sherlock
95,105,-3384.105547526948,voxel,6,early_visual,sherlock
96,106,-3380.9103059871713,voxel,6,early_visual,sherlock
97,107,-3381.3120874912406,voxel,6,early_visual,sherlock
98,108,-3375.7922493864253,voxel,6,early_visual,sherlock
99,109,-3374.4900058606995,voxel,6,early_visual,sherlock
100,110,-3382.2586298165215,voxel,6,early_visual,sherlock
101,111,-3383.676965818222,voxel,6,early_visual,sherlock
102,112,-3383.502862426298,voxel,6,early_visual,sherlock
103,113,-3380.8566760814306,voxel,6,early_visual,sherlock
104,114,-3390.3862656335427,voxel,6,early_visual,sherlock
105,115,-3391.7647159052867,voxel,6,early_visual,sherlock
106,116,-3389.4900738676724,voxel,6,early_visual,sherlock
107,117,-3392.495368249505,voxel,6,early_visual,sherlock
108,118,-3391.6317370471243,voxel,6,early_visual,sherlock
109,119,-3393.0170135955527,voxel,6,early_visual,sherlock
0,10,-3415.8208394181192,voxel,7,early_visual,sherlock
1,11,-3392.643497251684,voxel,7,early_visual,sherlock
2,12,-3394.3854755333336,voxel,7,early_visual,sherlock
3,13,-3391.485534427315,voxel,7,early_visual,sherlock
4,14,-3396.117196553327,voxel,7,early_visual,sherlock
5,15,-3394.0730301674957,voxel,7,early_visual,sherlock
6,16,-3383.7504495928724,voxel,7,early_visual,sherlock
7,17,-3385.254816044735,voxel,7,early_visual,sherlock
8,18,-3374.97296097609,voxel,7,early_visual,sherlock
9,19,-3374.7713583649347,voxel,7,early_visual,sherlock
10,20,-3375.043464606813,voxel,7,early_visual,sherlock
11,21,-3377.5877517656927,voxel,7,early_visual,sherlock
12,22,-3367.1739371926037,voxel,7,early_visual,sherlock
13,23,-3364.7760294415916,voxel,7,early_visual,sherlock
14,24,-3365.761390733748,voxel,7,early_visual,sherlock
15,25,-3366.2119561027253,voxel,7,early_visual,sherlock
16,26,-3364.7715832942854,voxel,7,early_visual,sherlock
17,27,-3369.7744883520136,voxel,7,early_visual,sherlock
18,28,-3372.10497919697,voxel,7,early_visual,sherlock
19,29,-3361.5783226542267,voxel,7,early_visual,sherlock
20,30,-3354.731496223497,voxel,7,early_visual,sherlock
21,31,-3355.706503853957,voxel,7,early_visual,sherlock
22,32,-3357.8218420163503,voxel,7,early_visual,sherlock
23,33,-3359.7641150997692,voxel,7,early_visual,sherlock
24,34,-3359.350945471852,voxel,7,early_visual,sherlock
25,35,-3355.23816595011,voxel,7,early_visual,sherlock
26,36,-3359.728378576183,voxel,7,early_visual,sherlock
27,37,-3354.6087754719356,voxel,7,early_visual,sherlock
28,38,-3354.152832450564,voxel,7,early_visual,sherlock
29,39,-3352.43749911064,voxel,7,early_visual,sherlock
30,40,-3362.4565318683804,voxel,7,early_visual,sherlock
31,41,-3355.4904948120075,voxel,7,early_visual,sherlock
32,42,-3375.142285710272,voxel,7,early_visual,sherlock
33,43,-3372.567687032104,voxel,7,early_visual,sherlock
34,44,-3369.5033908376604,voxel,7,early_visual,sherlock
35,45,-3374.756521290825,voxel,7,early_visual,sherlock
36,46,-3380.6666288832553,voxel,7,early_visual,sherlock
37,47,-3363.858243267616,voxel,7,early_visual,sherlock
38,48,-3371.292475777879,voxel,7,early_visual,sherlock
39,49,-3378.5909974451015,voxel,7,early_visual,sherlock
40,50,-3360.3005502735377,voxel,7,early_visual,sherlock
41,51,-3376.247479724438,voxel,7,early_visual,sherlock
42,52,-3374.704245842328,voxel,7,early_visual,sherlock
43,53,-3368.9024910183134,voxel,7,early_visual,sherlock
44,54,-3361.553313811599,voxel,7,early_visual,sherlock
45,55,-3363.319965149656,voxel,7,early_visual,sherlock
46,56,-3364.0344908855486,voxel,7,early_visual,sherlock
47,57,-3363.406391258846,voxel,7,early_visual,sherlock
48,58,-3362.262124820762,voxel,7,early_visual,sherlock
49,59,-3354.785148185548,voxel,7,early_visual,sherlock
50,60,-3358.0635846502423,voxel,7,early_visual,sherlock
51,61,-3350.324962184031,voxel,7,early_visual,sherlock
52,62,-3355.3273476661134,voxel,7,early_visual,sherlock
53,63,-3356.126500366546,voxel,7,early_visual,sherlock
54,64,-3356.888632117643,voxel,7,early_visual,sherlock
55,65,-3359.8577651670003,voxel,7,early_visual,sherlock
56,66,-3362.118961236789,voxel,7,early_visual,sherlock
57,67,-3354.4864752894036,voxel,7,early_visual,sherlock
58,68,-3357.8501232967924,voxel,7,early_visual,sherlock
59,69,-3367.1094144570816,voxel,7,early_visual,sherlock
60,70,-3359.9772297102368,voxel,7,early_visual,sherlock
61,71,-3367.6898625139743,voxel,7,early_visual,sherlock
62,72,-3364.497120212404,voxel,7,early_visual,sherlock
63,73,-3368.313716224584,voxel,7,early_visual,sherlock
64,74,-3382.0285742595747,voxel,7,early_visual,sherlock
65,75,-3372.224814356612,voxel,7,early_visual,sherlock
66,76,-3365.9804122988326,voxel,7,early_visual,sherlock
67,77,-3378.1765323749137,voxel,7,early_visual,sherlock
68,78,-3367.4160845102115,voxel,7,early_visual,sherlock
69,79,-3372.3067655957434,voxel,7,early_visual,sherlock
70,80,-3364.244062845841,voxel,7,early_visual,sherlock
71,81,-3366.528540352328,voxel,7,early_visual,sherlock
72,82,-3377.525377156641,voxel,7,early_visual,sherlock
73,83,-3373.6081576528045,voxel,7,early_visual,sherlock
74,84,-3379.73620952859,voxel,7,early_visual,sherlock
75,85,-3380.8090301947195,voxel,7,early_visual,sherlock
76,86,-3385.585033573758,voxel,7,early_visual,sherlock
77,87,-3386.560973301303,voxel,7,early_visual,sherlock
78,88,-3372.890690807503,voxel,7,early_visual,sherlock
79,89,-3386.0454445495825,voxel,7,early_visual,sherlock
80,90,-3372.8319424865854,voxel,7,early_visual,sherlock
81,91,-3381.170295996134,voxel,7,early_visual,sherlock
82,92,-3383.760925230925,voxel,7,early_visual,sherlock
83,93,-3380.8429179772243,voxel,7,early_visual,sherlock
84,94,-3382.3204185115083,voxel,7,early_visual,sherlock
85,95,-3393.216055417858,voxel,7,early_visual,sherlock
86,96,-3386.747019766223,voxel,7,early_visual,sherlock
87,97,-3385.166214540361,voxel,7,early_visual,sherlock
88,98,-3385.290739993647,voxel,7,early_visual,sherlock
89,99,-3394.71129337536,voxel,7,early_visual,sherlock
90,100,-3382.603434878465,voxel,7,early_visual,sherlock
91,101,-3392.3662287819616,voxel,7,early_visual,sherlock
92,102,-3399.277362955463,voxel,7,early_visual,sherlock
93,103,-3408.994062224838,voxel,7,early_visual,sherlock
94,104,-3404.7161217028247,voxel,7,early_visual,sherlock
95,105,-3410.9097203875767,voxel,7,early_visual,sherlock
96,106,-3404.2370377438533,voxel,7,early_visual,sherlock
97,107,-3408.39569371674,voxel,7,early_visual,sherlock
98,108,-3410.99056904019,voxel,7,early_visual,sherlock
99,109,-3401.2005805153235,voxel,7,early_visual,sherlock
100,110,-3427.4768406791395,voxel,7,early_visual,sherlock
101,111,-3404.5457341025267,voxel,7,early_visual,sherlock
102,112,-3408.9154273182244,voxel,7,early_visual,sherlock
103,113,-3404.272153795995,voxel,7,early_visual,sherlock
104,114,-3404.37399249502,voxel,7,early_visual,sherlock
105,115,-3435.77896798976,voxel,7,early_visual,sherlock
106,116,-3405.726321973801,voxel,7,early_visual,sherlock
107,117,-3426.750198644595,voxel,7,early_visual,sherlock
108,118,-3412.796798314389,voxel,7,early_visual,sherlock
109,119,-3434.476980322493,voxel,7,early_visual,sherlock
0,10,-3426.924164970921,voxel,8,early_visual,sherlock
1,11,-3423.570449562645,voxel,8,early_visual,sherlock
2,12,-3423.5588334161357,voxel,8,early_visual,sherlock
3,13,-3416.0819983138144,voxel,8,early_visual,sherlock
4,14,-3423.7807063447176,voxel,8,early_visual,sherlock
5,15,-3417.1791280182024,voxel,8,early_visual,sherlock
6,16,-3414.6242026037453,voxel,8,early_visual,sherlock
7,17,-3412.511290747202,voxel,8,early_visual,sherlock
8,18,-3410.5300663176104,voxel,8,early_visual,sherlock
9,19,-3408.9641644564667,voxel,8,early_visual,sherlock
10,20,-3414.9589069581225,voxel,8,early_visual,sherlock
11,21,-3409.642611694164,voxel,8,early_visual,sherlock
12,22,-3405.206082809722,voxel,8,early_visual,sherlock
13,23,-3402.519864351293,voxel,8,early_visual,sherlock
14,24,-3400.962499788945,voxel,8,early_visual,sherlock
15,25,-3399.786578445287,voxel,8,early_visual,sherlock
16,26,-3400.0669976022205,voxel,8,early_visual,sherlock
17,27,-3394.5544493673647,voxel,8,early_visual,sherlock
18,28,-3401.2109331028923,voxel,8,early_visual,sherlock
19,29,-3392.130043320681,voxel,8,early_visual,sherlock
20,30,-3395.0342490511916,voxel,8,early_visual,sherlock
21,31,-3402.2294439988327,voxel,8,early_visual,sherlock
22,32,-3398.85607820407,voxel,8,early_visual,sherlock
23,33,-3400.266800136355,voxel,8,early_visual,sherlock
24,34,-3392.1801967807796,voxel,8,early_visual,sherlock
25,35,-3397.224017854024,voxel,8,early_visual,sherlock
26,36,-3397.0858206992516,voxel,8,early_visual,sherlock
27,37,-3393.916864411613,voxel,8,early_visual,sherlock
28,38,-3399.7399920559888,voxel,8,early_visual,sherlock
29,39,-3392.0661154818386,voxel,8,early_visual,sherlock
30,40,-3402.150874893999,voxel,8,early_visual,sherlock
31,41,-3404.229005634784,voxel,8,early_visual,sherlock
32,42,-3396.5540361382964,voxel,8,early_visual,sherlock
33,43,-3394.0432405404517,voxel,8,early_visual,sherlock
34,44,-3395.6984185694064,voxel,8,early_visual,sherlock
35,45,-3402.130691376812,voxel,8,early_visual,sherlock
36,46,-3389.782965374266,voxel,8,early_visual,sherlock
37,47,-3393.6308195945026,voxel,8,early_visual,sherlock
38,48,-3393.0511702637764,voxel,8,early_visual,sherlock
39,49,-3402.653451244036,voxel,8,early_visual,sherlock
40,50,-3388.09186358631,voxel,8,early_visual,sherlock
41,51,-3390.7631806844256,voxel,8,early_visual,sherlock
42,52,-3390.5665628524193,voxel,8,early_visual,sherlock
43,53,-3397.4517265054697,voxel,8,early_visual,sherlock
44,54,-3391.789814367677,voxel,8,early_visual,sherlock
45,55,-3397.5302673432047,voxel,8,early_visual,sherlock
46,56,-3394.7946751526097,voxel,8,early_visual,sherlock
47,57,-3396.539493961119,voxel,8,early_visual,sherlock
48,58,-3407.0903039498958,voxel,8,early_visual,sherlock
49,59,-3402.4601888463744,voxel,8,early_visual,sherlock
50,60,-3395.180783583287,voxel,8,early_visual,sherlock
51,61,-3402.9980560858608,voxel,8,early_visual,sherlock
52,62,-3398.075652294852,voxel,8,early_visual,sherlock
53,63,-3402.9798283085306,voxel,8,early_visual,sherlock
54,64,-3400.6563909323672,voxel,8,early_visual,sherlock
55,65,-3407.0749405849238,voxel,8,early_visual,sherlock
56,66,-3402.8917946343063,voxel,8,early_visual,sherlock
57,67,-3412.8302438485957,voxel,8,early_visual,sherlock
58,68,-3417.749142876999,voxel,8,early_visual,sherlock
59,69,-3421.9149788989075,voxel,8,early_visual,sherlock
60,70,-3409.3317941812215,voxel,8,early_visual,sherlock
61,71,-3408.533560983003,voxel,8,early_visual,sherlock
62,72,-3413.7366670811607,voxel,8,early_visual,sherlock
63,73,-3417.2816337681625,voxel,8,early_visual,sherlock
64,74,-3418.5441568494766,voxel,8,early_visual,sherlock
65,75,-3417.804305286954,voxel,8,early_visual,sherlock
66,76,-3415.4392044333085,voxel,8,early_visual,sherlock
67,77,-3420.0528232007505,voxel,8,early_visual,sherlock
68,78,-3432.986167723748,voxel,8,early_visual,sherlock
69,79,-3423.4352879194485,voxel,8,early_visual,sherlock
70,80,-3420.909312752882,voxel,8,early_visual,sherlock
71,81,-3433.0919749280974,voxel,8,early_visual,sherlock
72,82,-3429.065869858582,voxel,8,early_visual,sherlock
73,83,-3432.1801546690353,voxel,8,early_visual,sherlock
74,84,-3427.0514033172594,voxel,8,early_visual,sherlock
75,85,-3439.555755565122,voxel,8,early_visual,sherlock
76,86,-3436.150276862432,voxel,8,early_visual,sherlock
77,87,-3436.554824380164,voxel,8,early_visual,sherlock
78,88,-3437.6983076996707,voxel,8,early_visual,sherlock
79,89,-3437.1591552023724,voxel,8,early_visual,sherlock
80,90,-3442.8274186625804,voxel,8,early_visual,sherlock
81,91,-3431.3959463224683,voxel,8,early_visual,sherlock
82,92,-3445.596035352473,voxel,8,early_visual,sherlock
83,93,-3442.042428968206,voxel,8,early_visual,sherlock
84,94,-3448.3596746877242,voxel,8,early_visual,sherlock
85,95,-3444.5154380142253,voxel,8,early_visual,sherlock
86,96,-3444.03039823116,voxel,8,early_visual,sherlock
87,97,-3447.5803768834985,voxel,8,early_visual,sherlock
88,98,-3435.2937726602736,voxel,8,early_visual,sherlock
89,99,-3447.351018410725,voxel,8,early_visual,sherlock
90,100,-3446.315229617055,voxel,8,early_visual,sherlock
91,101,-3440.725522201722,voxel,8,early_visual,sherlock
92,102,-3447.3033108653344,voxel,8,early_visual,sherlock
93,103,-3453.713616419369,voxel,8,early_visual,sherlock
94,104,-3452.537864884558,voxel,8,early_visual,sherlock
95,105,-3453.3196436877597,voxel,8,early_visual,sherlock
96,106,-3454.168869231582,voxel,8,early_visual,sherlock
97,107,-3458.2650841301092,voxel,8,early_visual,sherlock
98,108,-3461.796145222561,voxel,8,early_visual,sherlock
99,109,-3468.181005123802,voxel,8,early_visual,sherlock
100,110,-3460.778899356551,voxel,8,early_visual,sherlock
101,111,-3469.403965511547,voxel,8,early_visual,sherlock
102,112,-3468.6148603841457,voxel,8,early_visual,sherlock
103,113,-3472.361234847638,voxel,8,early_visual,sherlock
104,114,-3480.3709844723608,voxel,8,early_visual,sherlock
105,115,-3472.321617476439,voxel,8,early_visual,sherlock
106,116,-3471.2182764208305,voxel,8,early_visual,sherlock
107,117,-3472.27363092902,voxel,8,early_visual,sherlock
108,118,-3477.2165649469257,voxel,8,early_visual,sherlock
109,119,-3474.289265412963,voxel,8,early_visual,sherlock
0,10,-3453.5615769664473,voxel,9,early_visual,sherlock
1,11,-3445.8152446012123,voxel,9,early_visual,sherlock
2,12,-3447.7901507612255,voxel,9,early_visual,sherlock
3,13,-3447.1917499323845,voxel,9,early_visual,sherlock
4,14,-3447.532499690197,voxel,9,early_visual,sherlock
5,15,-3447.5516579724704,voxel,9,early_visual,sherlock
6,16,-3438.132743479027,voxel,9,early_visual,sherlock
7,17,-3446.0749158661465,voxel,9,early_visual,sherlock
8,18,-3432.3882460902605,voxel,9,early_visual,sherlock
9,19,-3432.914798642919,voxel,9,early_visual,sherlock
10,20,-3433.4803796804963,voxel,9,early_visual,sherlock
11,21,-3433.7153987286038,voxel,9,early_visual,sherlock
12,22,-3425.677720235851,voxel,9,early_visual,sherlock
13,23,-3425.5348147093273,voxel,9,early_visual,sherlock
14,24,-3428.318701381895,voxel,9,early_visual,sherlock
15,25,-3429.6509542735603,voxel,9,early_visual,sherlock
16,26,-3428.8706080062975,voxel,9,early_visual,sherlock
17,27,-3428.775431508522,voxel,9,early_visual,sherlock
18,28,-3427.7040271073647,voxel,9,early_visual,sherlock
19,29,-3428.4166699644024,voxel,9,early_visual,sherlock
20,30,-3431.0826466930384,voxel,9,early_visual,sherlock
21,31,-3422.9734303524006,voxel,9,early_visual,sherlock
22,32,-3427.151709868819,voxel,9,early_visual,sherlock
23,33,-3422.6381048903036,voxel,9,early_visual,sherlock
24,34,-3423.272996370231,voxel,9,early_visual,sherlock
25,35,-3425.4811972642865,voxel,9,early_visual,sherlock
26,36,-3427.18334240073,voxel,9,early_visual,sherlock
27,37,-3426.4138017401774,voxel,9,early_visual,sherlock
28,38,-3423.8654302429427,voxel,9,early_visual,sherlock
29,39,-3425.6903671193577,voxel,9,early_visual,sherlock
30,40,-3421.9440356345153,voxel,9,early_visual,sherlock
31,41,-3422.2450837638335,voxel,9,early_visual,sherlock
32,42,-3425.048447209322,voxel,9,early_visual,sherlock
33,43,-3426.8720957139576,voxel,9,early_visual,sherlock
34,44,-3430.3444630055346,voxel,9,early_visual,sherlock
35,45,-3430.035879756207,voxel,9,early_visual,sherlock
36,46,-3431.5758021984657,voxel,9,early_visual,sherlock
37,47,-3430.8618312799254,voxel,9,early_visual,sherlock
38,48,-3429.9909804463273,voxel,9,early_visual,sherlock
39,49,-3434.147733331491,voxel,9,early_visual,sherlock
40,50,-3432.3112823611964,voxel,9,early_visual,sherlock
41,51,-3435.5453625922355,voxel,9,early_visual,sherlock
42,52,-3438.7359446871046,voxel,9,early_visual,sherlock
43,53,-3434.8108566468018,voxel,9,early_visual,sherlock
44,54,-3436.5770660879853,voxel,9,early_visual,sherlock
45,55,-3439.3410789338163,voxel,9,early_visual,sherlock
46,56,-3434.0416468357457,voxel,9,early_visual,sherlock
47,57,-3435.427303571018,voxel,9,early_visual,sherlock
48,58,-3438.6948739742907,voxel,9,early_visual,sherlock
49,59,-3445.447696368217,voxel,9,early_visual,sherlock
50,60,-3441.46046861329,voxel,9,early_visual,sherlock
51,61,-3440.3205402395292,voxel,9,early_visual,sherlock
52,62,-3443.647931958732,voxel,9,early_visual,sherlock
53,63,-3440.7211441955415,voxel,9,early_visual,sherlock
54,64,-3444.2163451938495,voxel,9,early_visual,sherlock
55,65,-3447.2494014088325,voxel,9,early_visual,sherlock
56,66,-3439.129698282823,voxel,9,early_visual,sherlock
57,67,-3434.9951275736976,voxel,9,early_visual,sherlock
58,68,-3436.108560291569,voxel,9,early_visual,sherlock
59,69,-3445.8766004287054,voxel,9,early_visual,sherlock
60,70,-3450.1097996566104,voxel,9,early_visual,sherlock
61,71,-3445.667031293737,voxel,9,early_visual,sherlock
62,72,-3450.445200198066,voxel,9,early_visual,sherlock
63,73,-3448.5913826571445,voxel,9,early_visual,sherlock
64,74,-3447.3830943673797,voxel,9,early_visual,sherlock
65,75,-3452.0558992132474,voxel,9,early_visual,sherlock
66,76,-3452.6382114347603,voxel,9,early_visual,sherlock
67,77,-3449.5183474098067,voxel,9,early_visual,sherlock
68,78,-3453.4351922019046,voxel,9,early_visual,sherlock
69,79,-3459.2834708213,voxel,9,early_visual,sherlock
70,80,-3460.715843640451,voxel,9,early_visual,sherlock
71,81,-3467.7796076328636,voxel,9,early_visual,sherlock
72,82,-3466.236635367319,voxel,9,early_visual,sherlock
73,83,-3467.702714602147,voxel,9,early_visual,sherlock
74,84,-3467.5849800534165,voxel,9,early_visual,sherlock
75,85,-3466.064738996882,voxel,9,early_visual,sherlock
76,86,-3471.660007345173,voxel,9,early_visual,sherlock
77,87,-3468.199281138467,voxel,9,early_visual,sherlock
78,88,-3477.660822021336,voxel,9,early_visual,sherlock
79,89,-3474.715646863408,voxel,9,early_visual,sherlock
80,90,-3473.359143389354,voxel,9,early_visual,sherlock
81,91,-3472.722321190507,voxel,9,early_visual,sherlock
82,92,-3482.1003961714305,voxel,9,early_visual,sherlock
83,93,-3482.55075094854,voxel,9,early_visual,sherlock
84,94,-3483.1414568005434,voxel,9,early_visual,sherlock
85,95,-3484.3400380580947,voxel,9,early_visual,sherlock
86,96,-3484.516247480358,voxel,9,early_visual,sherlock
87,97,-3482.2154479064047,voxel,9,early_visual,sherlock
88,98,-3481.494321815212,voxel,9,early_visual,sherlock
89,99,-3491.7090448459303,voxel,9,early_visual,sherlock
90,100,-3489.881772311835,voxel,9,early_visual,sherlock
91,101,-3489.7871609686,voxel,9,early_visual,sherlock
92,102,-3487.51431195032,voxel,9,early_visual,sherlock
93,103,-3485.909519881925,voxel,9,early_visual,sherlock
94,104,-3497.166557983521,voxel,9,early_visual,sherlock
95,105,-3503.0786158662054,voxel,9,early_visual,sherlock
96,106,-3497.4643639376814,voxel,9,early_visual,sherlock
97,107,-3508.677585940009,voxel,9,early_visual,sherlock
98,108,-3506.6736853364628,voxel,9,early_visual,sherlock
99,109,-3509.6454728186764,voxel,9,early_visual,sherlock
100,110,-3516.5866221618517,voxel,9,early_visual,sherlock
101,111,-3515.8948253140925,voxel,9,early_visual,sherlock
102,112,-3514.8510113695984,voxel,9,early_visual,sherlock
103,113,-3518.173742917147,voxel,9,early_visual,sherlock
104,114,-3522.5308733268275,voxel,9,early_visual,sherlock
105,115,-3512.5076065177873,voxel,9,early_visual,sherlock
106,116,-3509.877518634691,voxel,9,early_visual,sherlock
107,117,-3528.1546976751206,voxel,9,early_visual,sherlock
108,118,-3525.011666670097,voxel,9,early_visual,sherlock
109,119,-3537.1942335000203,voxel,9,early_visual,sherlock
0,10,-3441.340216883531,voxel,10,early_visual,sherlock
1,11,-3437.9074208000206,voxel,10,early_visual,sherlock
2,12,-3439.5485263473515,voxel,10,early_visual,sherlock
3,13,-3439.7205891266035,voxel,10,early_visual,sherlock
4,14,-3441.123338721851,voxel,10,early_visual,sherlock
5,15,-3442.012290534298,voxel,10,early_visual,sherlock
6,16,-3433.474815652281,voxel,10,early_visual,sherlock
7,17,-3428.757169075438,voxel,10,early_visual,sherlock
8,18,-3429.8702557137303,voxel,10,early_visual,sherlock
9,19,-3428.7460757629956,voxel,10,early_visual,sherlock
10,20,-3429.0009220016773,voxel,10,early_visual,sherlock
11,21,-3432.7241332788767,voxel,10,early_visual,sherlock
12,22,-3424.7815428489084,voxel,10,early_visual,sherlock
13,23,-3426.329917454284,voxel,10,early_visual,sherlock
14,24,-3425.1819527356006,voxel,10,early_visual,sherlock
15,25,-3426.317691302473,voxel,10,early_visual,sherlock
16,26,-3426.1185021591396,voxel,10,early_visual,sherlock
17,27,-3427.530777505872,voxel,10,early_visual,sherlock
18,28,-3428.098539320842,voxel,10,early_visual,sherlock
19,29,-3430.340524872031,voxel,10,early_visual,sherlock
20,30,-3429.6959061245657,voxel,10,early_visual,sherlock
21,31,-3427.6388709666253,voxel,10,early_visual,sherlock
22,32,-3432.9607299836084,voxel,10,early_visual,sherlock
23,33,-3425.7573869203757,voxel,10,early_visual,sherlock
24,34,-3424.9180320282185,voxel,10,early_visual,sherlock
25,35,-3424.5566574631484,voxel,10,early_visual,sherlock
26,36,-3428.887689805739,voxel,10,early_visual,sherlock
27,37,-3425.610205007325,voxel,10,early_visual,sherlock
28,38,-3428.473075071875,voxel,10,early_visual,sherlock
29,39,-3430.0238996562202,voxel,10,early_visual,sherlock
30,40,-3426.980368513121,voxel,10,early_visual,sherlock
31,41,-3434.888422826103,voxel,10,early_visual,sherlock
32,42,-3432.5172315184186,voxel,10,early_visual,sherlock
33,43,-3432.2289307341075,voxel,10,early_visual,sherlock
34,44,-3434.3791163941933,voxel,10,early_visual,sherlock
35,45,-3433.0889848327492,voxel,10,early_visual,sherlock
36,46,-3438.78192684249,voxel,10,early_visual,sherlock
37,47,-3431.884595069027,voxel,10,early_visual,sherlock
38,48,-3436.8434366521865,voxel,10,early_visual,sherlock
39,49,-3434.605008689981,voxel,10,early_visual,sherlock
40,50,-3424.290020728772,voxel,10,early_visual,sherlock
41,51,-3441.6535210405227,voxel,10,early_visual,sherlock
42,52,-3431.216221631353,voxel,10,early_visual,sherlock
43,53,-3438.9892696813818,voxel,10,early_visual,sherlock
44,54,-3434.740554586085,voxel,10,early_visual,sherlock
45,55,-3435.882598524438,voxel,10,early_visual,sherlock
46,56,-3441.7824047646545,voxel,10,early_visual,sherlock
47,57,-3441.6709368916067,voxel,10,early_visual,sherlock
48,58,-3449.3664748247616,voxel,10,early_visual,sherlock
49,59,-3448.492641156701,voxel,10,early_visual,sherlock
50,60,-3455.3474544884543,voxel,10,early_visual,sherlock
51,61,-3445.779376269119,voxel,10,early_visual,sherlock
52,62,-3450.591331355785,voxel,10,early_visual,sherlock
53,63,-3454.94370774987,voxel,10,early_visual,sherlock
54,64,-3444.071081821473,voxel,10,early_visual,sherlock
55,65,-3457.497448476148,voxel,10,early_visual,sherlock
56,66,-3456.2257663680352,voxel,10,early_visual,sherlock
57,67,-3462.144151125563,voxel,10,early_visual,sherlock
58,68,-3460.5875375118535,voxel,10,early_visual,sherlock
59,69,-3455.8372562464083,voxel,10,early_visual,sherlock
60,70,-3461.755453292709,voxel,10,early_visual,sherlock
61,71,-3457.0420675838373,voxel,10,early_visual,sherlock
62,72,-3459.1191177789237,voxel,10,early_visual,sherlock
63,73,-3468.0993525255735,voxel,10,early_visual,sherlock
64,74,-3464.765883044046,voxel,10,early_visual,sherlock
65,75,-3470.0180399617,voxel,10,early_visual,sherlock
66,76,-3487.5530206627,voxel,10,early_visual,sherlock
67,77,-3489.923097664349,voxel,10,early_visual,sherlock
68,78,-3474.9312728417503,voxel,10,early_visual,sherlock
69,79,-3485.2546765427646,voxel,10,early_visual,sherlock
70,80,-3489.0296266119076,voxel,10,early_visual,sherlock
71,81,-3481.6951580496984,voxel,10,early_visual,sherlock
72,82,-3492.6212161131702,voxel,10,early_visual,sherlock
73,83,-3490.9695430823085,voxel,10,early_visual,sherlock
74,84,-3495.903562111079,voxel,10,early_visual,sherlock
75,85,-3495.4685912383343,voxel,10,early_visual,sherlock
76,86,-3489.2439212266,voxel,10,early_visual,sherlock
77,87,-3490.842869431273,voxel,10,early_visual,sherlock
78,88,-3503.4393242717374,voxel,10,early_visual,sherlock
79,89,-3504.4489487743394,voxel,10,early_visual,sherlock
80,90,-3505.6398912546597,voxel,10,early_visual,sherlock
81,91,-3502.417344998511,voxel,10,early_visual,sherlock
82,92,-3503.2919177378662,voxel,10,early_visual,sherlock
83,93,-3497.499370466702,voxel,10,early_visual,sherlock
84,94,-3498.063533295752,voxel,10,early_visual,sherlock
85,95,-3501.251904852032,voxel,10,early_visual,sherlock
86,96,-3509.5760590308123,voxel,10,early_visual,sherlock
87,97,-3508.8441731512603,voxel,10,early_visual,sherlock
88,98,-3505.3834974275787,voxel,10,early_visual,sherlock
89,99,-3508.864434024127,voxel,10,early_visual,sherlock
90,100,-3507.367670633619,voxel,10,early_visual,sherlock
91,101,-3518.3241980503203,voxel,10,early_visual,sherlock
92,102,-3508.1440417878375,voxel,10,early_visual,sherlock
93,103,-3516.266559334665,voxel,10,early_visual,sherlock
94,104,-3517.86750764498,voxel,10,early_visual,sherlock
95,105,-3528.7729070052305,voxel,10,early_visual,sherlock
96,106,-3526.676454784338,voxel,10,early_visual,sherlock
97,107,-3516.860300919543,voxel,10,early_visual,sherlock
98,108,-3530.57258263432,voxel,10,early_visual,sherlock
99,109,-3525.4679420509424,voxel,10,early_visual,sherlock
100,110,-3535.4315138982106,voxel,10,early_visual,sherlock
101,111,-3527.025580342519,voxel,10,early_visual,sherlock
102,112,-3539.7138616697525,voxel,10,early_visual,sherlock
103,113,-3536.8021456226634,voxel,10,early_visual,sherlock
104,114,-3551.2729722783797,voxel,10,early_visual,sherlock
105,115,-3550.5619278180557,voxel,10,early_visual,sherlock
106,116,-3545.613808763323,voxel,10,early_visual,sherlock
107,117,-3547.816173049753,voxel,10,early_visual,sherlock
108,118,-3553.604014795777,voxel,10,early_visual,sherlock
109,119,-3546.511616243042,voxel,10,early_visual,sherlock
0,10,-3453.8407058556973,voxel,11,early_visual,sherlock
1,11,-3445.771002523552,voxel,11,early_visual,sherlock
2,12,-3444.2389164908477,voxel,11,early_visual,sherlock
3,13,-3443.739549177359,voxel,11,early_visual,sherlock
4,14,-3446.5700375938404,voxel,11,early_visual,sherlock
5,15,-3446.1092379166084,voxel,11,early_visual,sherlock
6,16,-3442.476089005063,voxel,11,early_visual,sherlock
7,17,-3442.4946969101425,voxel,11,early_visual,sherlock
8,18,-3441.925756514129,voxel,11,early_visual,sherlock
9,19,-3439.941720671466,voxel,11,early_visual,sherlock
10,20,-3439.8109417098935,voxel,11,early_visual,sherlock
11,21,-3441.82760961067,voxel,11,early_visual,sherlock
12,22,-3437.6487246550305,voxel,11,early_visual,sherlock
13,23,-3436.659810394165,voxel,11,early_visual,sherlock
14,24,-3434.769571850993,voxel,11,early_visual,sherlock
15,25,-3433.4836657307064,voxel,11,early_visual,sherlock
16,26,-3432.9680054654837,voxel,11,early_visual,sherlock
17,27,-3438.293684322059,voxel,11,early_visual,sherlock
18,28,-3433.7061854929793,voxel,11,early_visual,sherlock
19,29,-3428.893423440588,voxel,11,early_visual,sherlock
20,30,-3426.6290035510137,voxel,11,early_visual,sherlock
21,31,-3429.316824726548,voxel,11,early_visual,sherlock
22,32,-3429.018764606657,voxel,11,early_visual,sherlock
23,33,-3427.217710131201,voxel,11,early_visual,sherlock
24,34,-3426.4106365275916,voxel,11,early_visual,sherlock
25,35,-3419.191542709048,voxel,11,early_visual,sherlock
26,36,-3423.9161780943623,voxel,11,early_visual,sherlock
27,37,-3434.03272582616,voxel,11,early_visual,sherlock
28,38,-3429.341254015663,voxel,11,early_visual,sherlock
29,39,-3431.831517784406,voxel,11,early_visual,sherlock
30,40,-3428.220003335976,voxel,11,early_visual,sherlock
31,41,-3426.74739713491,voxel,11,early_visual,sherlock
32,42,-3428.9043860656593,voxel,11,early_visual,sherlock
33,43,-3430.4110867656063,voxel,11,early_visual,sherlock
34,44,-3431.4260459165557,voxel,11,early_visual,sherlock
35,45,-3431.0973499026113,voxel,11,early_visual,sherlock
36,46,-3430.342077559872,voxel,11,early_visual,sherlock
37,47,-3429.393318661706,voxel,11,early_visual,sherlock
38,48,-3432.146339189969,voxel,11,early_visual,sherlock
39,49,-3435.07280315967,voxel,11,early_visual,sherlock
40,50,-3435.0267513784393,voxel,11,early_visual,sherlock
41,51,-3433.9645245878255,voxel,11,early_visual,sherlock
42,52,-3439.215360065257,voxel,11,early_visual,sherlock
43,53,-3431.929507628784,voxel,11,early_visual,sherlock
44,54,-3437.1151800370208,voxel,11,early_visual,sherlock
45,55,-3438.189253850506,voxel,11,early_visual,sherlock
46,56,-3435.7705050758927,voxel,11,early_visual,sherlock
47,57,-3440.5307003900157,voxel,11,early_visual,sherlock
48,58,-3441.8707778781577,voxel,11,early_visual,sherlock
49,59,-3444.205049252679,voxel,11,early_visual,sherlock
50,60,-3448.3671465476073,voxel,11,early_visual,sherlock
51,61,-3447.002369934599,voxel,11,early_visual,sherlock
52,62,-3447.291433819597,voxel,11,early_visual,sherlock
53,63,-3445.1075981803388,voxel,11,early_visual,sherlock
54,64,-3454.9302375947605,voxel,11,early_visual,sherlock
55,65,-3451.418460818188,voxel,11,early_visual,sherlock
56,66,-3455.835183688823,voxel,11,early_visual,sherlock
57,67,-3447.138763612181,voxel,11,early_visual,sherlock
58,68,-3461.0925049118364,voxel,11,early_visual,sherlock
59,69,-3454.5288081158515,voxel,11,early_visual,sherlock
60,70,-3465.093571689366,voxel,11,early_visual,sherlock
61,71,-3471.935306093656,voxel,11,early_visual,sherlock
62,72,-3473.8725489105277,voxel,11,early_visual,sherlock
63,73,-3467.0143234271195,voxel,11,early_visual,sherlock
64,74,-3469.513994974899,voxel,11,early_visual,sherlock
65,75,-3473.561239090052,voxel,11,early_visual,sherlock
66,76,-3485.4529637654227,voxel,11,early_visual,sherlock
67,77,-3479.8801110177724,voxel,11,early_visual,sherlock
68,78,-3475.0013730261544,voxel,11,early_visual,sherlock
69,79,-3481.010630778989,voxel,11,early_visual,sherlock
70,80,-3479.483459571345,voxel,11,early_visual,sherlock
71,81,-3485.165785404952,voxel,11,early_visual,sherlock
72,82,-3485.0178048677744,voxel,11,early_visual,sherlock
73,83,-3496.307234548232,voxel,11,early_visual,sherlock
74,84,-3488.8261496079103,voxel,11,early_visual,sherlock
75,85,-3484.4646945060463,voxel,11,early_visual,sherlock
76,86,-3492.379440333199,voxel,11,early_visual,sherlock
77,87,-3491.5879566381873,voxel,11,early_visual,sherlock
78,88,-3496.504638623118,voxel,11,early_visual,sherlock
79,89,-3493.17320331739,voxel,11,early_visual,sherlock
80,90,-3493.0079882986124,voxel,11,early_visual,sherlock
81,91,-3492.833075836789,voxel,11,early_visual,sherlock
82,92,-3504.0395094750143,voxel,11,early_visual,sherlock
83,93,-3502.325969713399,voxel,11,early_visual,sherlock
84,94,-3497.4986420323708,voxel,11,early_visual,sherlock
85,95,-3502.4373720390786,voxel,11,early_visual,sherlock
86,96,-3500.909012250918,voxel,11,early_visual,sherlock
87,97,-3509.637768995332,voxel,11,early_visual,sherlock
88,98,-3514.1821185265476,voxel,11,early_visual,sherlock
89,99,-3510.4205831646545,voxel,11,early_visual,sherlock
90,100,-3509.7044954306257,voxel,11,early_visual,sherlock
91,101,-3521.752125512537,voxel,11,early_visual,sherlock
92,102,-3509.0188459202027,voxel,11,early_visual,sherlock
93,103,-3525.8475885103003,voxel,11,early_visual,sherlock
94,104,-3520.523370758017,voxel,11,early_visual,sherlock
95,105,-3528.543273416673,voxel,11,early_visual,sherlock
96,106,-3531.759769608317,voxel,11,early_visual,sherlock
97,107,-3527.2992091421825,voxel,11,early_visual,sherlock
98,108,-3529.9309999437814,voxel,11,early_visual,sherlock
99,109,-3527.90311353126,voxel,11,early_visual,sherlock
100,110,-3530.4938432254503,voxel,11,early_visual,sherlock
101,111,-3540.9457177946115,voxel,11,early_visual,sherlock
102,112,-3533.3003436536096,voxel,11,early_visual,sherlock
103,113,-3538.5581469314925,voxel,11,early_visual,sherlock
104,114,-3548.6609974431935,voxel,11,early_visual,sherlock
105,115,-3553.8261759720012,voxel,11,early_visual,sherlock
106,116,-3546.0296679193225,voxel,11,early_visual,sherlock
107,117,-3559.8175885810497,voxel,11,early_visual,sherlock
108,118,-3557.9436679997034,voxel,11,early_visual,sherlock
109,119,-3544.515157482154,voxel,11,early_visual,sherlock
0,10,-3456.550308260812,voxel,12,early_visual,sherlock
1,11,-3452.7116686689014,voxel,12,early_visual,sherlock
2,12,-3454.5740582929125,voxel,12,early_visual,sherlock
3,13,-3453.3289021775117,voxel,12,early_visual,sherlock
4,14,-3454.9277229883187,voxel,12,early_visual,sherlock
5,15,-3454.5526855849157,voxel,12,early_visual,sherlock
6,16,-3450.5565943397637,voxel,12,early_visual,sherlock
7,17,-3454.340612484231,voxel,12,early_visual,sherlock
8,18,-3444.2918871191014,voxel,12,early_visual,sherlock
9,19,-3447.2490912393605,voxel,12,early_visual,sherlock
10,20,-3453.011058138886,voxel,12,early_visual,sherlock
11,21,-3447.8253191058106,voxel,12,early_visual,sherlock
12,22,-3444.071143788803,voxel,12,early_visual,sherlock
13,23,-3443.7586733295393,voxel,12,early_visual,sherlock
14,24,-3442.4804116107002,voxel,12,early_visual,sherlock
15,25,-3443.830880498387,voxel,12,early_visual,sherlock
16,26,-3444.596313395005,voxel,12,early_visual,sherlock
17,27,-3442.995523059283,voxel,12,early_visual,sherlock
18,28,-3440.5589611644114,voxel,12,early_visual,sherlock
19,29,-3440.6550104291127,voxel,12,early_visual,sherlock
20,30,-3448.493704110045,voxel,12,early_visual,sherlock
21,31,-3438.551794308692,voxel,12,early_visual,sherlock
22,32,-3439.657218213193,voxel,12,early_visual,sherlock
23,33,-3439.9899252552987,voxel,12,early_visual,sherlock
24,34,-3442.9232286257825,voxel,12,early_visual,sherlock
25,35,-3442.3762050565624,voxel,12,early_visual,sherlock
26,36,-3437.911392735666,voxel,12,early_visual,sherlock
27,37,-3440.2631727754824,voxel,12,early_visual,sherlock
28,38,-3443.507102507641,voxel,12,early_visual,sherlock
29,39,-3441.40885130065,voxel,12,early_visual,sherlock
30,40,-3441.0643025743752,voxel,12,early_visual,sherlock
31,41,-3449.201241158524,voxel,12,early_visual,sherlock
32,42,-3445.068620282039,voxel,12,early_visual,sherlock
33,43,-3441.0916817576403,voxel,12,early_visual,sherlock
34,44,-3450.7023881833265,voxel,12,early_visual,sherlock
35,45,-3443.926065995181,voxel,12,early_visual,sherlock
36,46,-3444.7144739048977,voxel,12,early_visual,sherlock
37,47,-3435.082028965806,voxel,12,early_visual,sherlock
38,48,-3444.0674958131785,voxel,12,early_visual,sherlock
39,49,-3438.1008049562656,voxel,12,early_visual,sherlock
40,50,-3444.6527781861587,voxel,12,early_visual,sherlock
41,51,-3446.643735507345,voxel,12,early_visual,sherlock
42,52,-3445.2787350392646,voxel,12,early_visual,sherlock
43,53,-3449.761639766802,voxel,12,early_visual,sherlock
44,54,-3447.985440349604,voxel,12,early_visual,sherlock
45,55,-3444.9857043590446,voxel,12,early_visual,sherlock
46,56,-3443.8147523528532,voxel,12,early_visual,sherlock
47,57,-3446.7578092338613,voxel,12,early_visual,sherlock
48,58,-3448.1023235542634,voxel,12,early_visual,sherlock
49,59,-3445.800492281436,voxel,12,early_visual,sherlock
50,60,-3452.9798460745073,voxel,12,early_visual,sherlock
51,61,-3455.0181963484497,voxel,12,early_visual,sherlock
52,62,-3448.4034270540324,voxel,12,early_visual,sherlock
53,63,-3459.4893406718716,voxel,12,early_visual,sherlock
54,64,-3458.4267089034174,voxel,12,early_visual,sherlock
55,65,-3461.6644616886797,voxel,12,early_visual,sherlock
56,66,-3459.4122924067824,voxel,12,early_visual,sherlock
57,67,-3461.509314058916,voxel,12,early_visual,sherlock
58,68,-3456.5014608559613,voxel,12,early_visual,sherlock
59,69,-3449.528030967163,voxel,12,early_visual,sherlock
60,70,-3463.8587785882146,voxel,12,early_visual,sherlock
61,71,-3459.6124070717874,voxel,12,early_visual,sherlock
62,72,-3465.547507707057,voxel,12,early_visual,sherlock
63,73,-3459.6491873096143,voxel,12,early_visual,sherlock
64,74,-3463.2872650635923,voxel,12,early_visual,sherlock
65,75,-3454.195103236967,voxel,12,early_visual,sherlock
66,76,-3458.751682378361,voxel,12,early_visual,sherlock
67,77,-3458.197200566232,voxel,12,early_visual,sherlock
68,78,-3463.88369211216,voxel,12,early_visual,sherlock
69,79,-3460.831608167573,voxel,12,early_visual,sherlock
70,80,-3465.528762898061,voxel,12,early_visual,sherlock
71,81,-3471.1322688570463,voxel,12,early_visual,sherlock
72,82,-3469.0163023573805,voxel,12,early_visual,sherlock
73,83,-3468.676981790155,voxel,12,early_visual,sherlock
74,84,-3465.3129853353935,voxel,12,early_visual,sherlock
75,85,-3467.312900464446,voxel,12,early_visual,sherlock
76,86,-3473.7794457888535,voxel,12,early_visual,sherlock
77,87,-3473.223814364077,voxel,12,early_visual,sherlock
78,88,-3469.2452927598974,voxel,12,early_visual,sherlock
79,89,-3473.327256354472,voxel,12,early_visual,sherlock
80,90,-3475.09178538911,voxel,12,early_visual,sherlock
81,91,-3470.2470904761126,voxel,12,early_visual,sherlock
82,92,-3479.4534613740125,voxel,12,early_visual,sherlock
83,93,-3476.3796293404525,voxel,12,early_visual,sherlock
84,94,-3490.046109757363,voxel,12,early_visual,sherlock
85,95,-3487.202375944421,voxel,12,early_visual,sherlock
86,96,-3479.1538568345927,voxel,12,early_visual,sherlock
87,97,-3487.429013587799,voxel,12,early_visual,sherlock
88,98,-3485.724532137657,voxel,12,early_visual,sherlock
89,99,-3489.359526511188,voxel,12,early_visual,sherlock
90,100,-3496.472419132344,voxel,12,early_visual,sherlock
91,101,-3488.86376106418,voxel,12,early_visual,sherlock
92,102,-3493.2805228249235,voxel,12,early_visual,sherlock
93,103,-3493.646905889575,voxel,12,early_visual,sherlock
94,104,-3492.512304131836,voxel,12,early_visual,sherlock
95,105,-3496.544199360042,voxel,12,early_visual,sherlock
96,106,-3498.992157586342,voxel,12,early_visual,sherlock
97,107,-3498.449702977093,voxel,12,early_visual,sherlock
98,108,-3494.6254194317494,voxel,12,early_visual,sherlock
99,109,-3501.949413393104,voxel,12,early_visual,sherlock
100,110,-3490.4582188323875,voxel,12,early_visual,sherlock
101,111,-3506.004242209593,voxel,12,early_visual,sherlock
102,112,-3500.036674645846,voxel,12,early_visual,sherlock
103,113,-3499.9131223182358,voxel,12,early_visual,sherlock
104,114,-3508.810916101174,voxel,12,early_visual,sherlock
105,115,-3501.5173004816584,voxel,12,early_visual,sherlock
106,116,-3508.557249915256,voxel,12,early_visual,sherlock
107,117,-3508.2399828638927,voxel,12,early_visual,sherlock
108,118,-3513.830619916,voxel,12,early_visual,sherlock
109,119,-3507.7353110636304,voxel,12,early_visual,sherlock
0,10,-3449.9089824963494,voxel,13,early_visual,sherlock
1,11,-3441.466300494669,voxel,13,early_visual,sherlock
2,12,-3443.5125482073477,voxel,13,early_visual,sherlock
3,13,-3439.0745226694517,voxel,13,early_visual,sherlock
4,14,-3440.4737670668837,voxel,13,early_visual,sherlock
5,15,-3435.796712997534,voxel,13,early_visual,sherlock
6,16,-3425.499137898437,voxel,13,early_visual,sherlock
7,17,-3434.568081696839,voxel,13,early_visual,sherlock
8,18,-3416.986966879278,voxel,13,early_visual,sherlock
9,19,-3422.0336552851254,voxel,13,early_visual,sherlock
10,20,-3420.668688335902,voxel,13,early_visual,sherlock
11,21,-3425.0172670479274,voxel,13,early_visual,sherlock
12,22,-3416.1963516173705,voxel,13,early_visual,sherlock
13,23,-3415.773235392255,voxel,13,early_visual,sherlock
14,24,-3413.688473865011,voxel,13,early_visual,sherlock
15,25,-3415.1830268067697,voxel,13,early_visual,sherlock
16,26,-3415.686248203199,voxel,13,early_visual,sherlock
17,27,-3420.86083152374,voxel,13,early_visual,sherlock
18,28,-3418.03869215409,voxel,13,early_visual,sherlock
19,29,-3414.0715547984305,voxel,13,early_visual,sherlock
20,30,-3411.7496400060377,voxel,13,early_visual,sherlock
21,31,-3406.249147293479,voxel,13,early_visual,sherlock
22,32,-3409.036485997024,voxel,13,early_visual,sherlock
23,33,-3405.522456792678,voxel,13,early_visual,sherlock
24,34,-3405.5647574734453,voxel,13,early_visual,sherlock
25,35,-3409.368097837339,voxel,13,early_visual,sherlock
26,36,-3408.915576179532,voxel,13,early_visual,sherlock
27,37,-3410.964761629434,voxel,13,early_visual,sherlock
28,38,-3408.936418208213,voxel,13,early_visual,sherlock
29,39,-3413.4859152599915,voxel,13,early_visual,sherlock
30,40,-3409.112144574393,voxel,13,early_visual,sherlock
31,41,-3418.456482690623,voxel,13,early_visual,sherlock
32,42,-3415.60648684263,voxel,13,early_visual,sherlock
33,43,-3411.4313445402704,voxel,13,early_visual,sherlock
34,44,-3409.2010263809766,voxel,13,early_visual,sherlock
35,45,-3407.285887641533,voxel,13,early_visual,sherlock
36,46,-3408.9001424230046,voxel,13,early_visual,sherlock
37,47,-3406.1700316841648,voxel,13,early_visual,sherlock
38,48,-3394.647395525692,voxel,13,early_visual,sherlock
39,49,-3399.5005065751893,voxel,13,early_visual,sherlock
40,50,-3395.0159210661786,voxel,13,early_visual,sherlock
41,51,-3405.947536437511,voxel,13,early_visual,sherlock
42,52,-3396.154171950961,voxel,13,early_visual,sherlock
43,53,-3398.3976960026994,voxel,13,early_visual,sherlock
44,54,-3402.682178189802,voxel,13,early_visual,sherlock
45,55,-3393.8619007023017,voxel,13,early_visual,sherlock
46,56,-3410.3324806432647,voxel,13,early_visual,sherlock
47,57,-3399.6258173692863,voxel,13,early_visual,sherlock
48,58,-3396.988941181509,voxel,13,early_visual,sherlock
49,59,-3401.4329672178897,voxel,13,early_visual,sherlock
50,60,-3400.9517627549153,voxel,13,early_visual,sherlock
51,61,-3400.1671350340066,voxel,13,early_visual,sherlock
52,62,-3400.983895124942,voxel,13,early_visual,sherlock
53,63,-3391.41197741994,voxel,13,early_visual,sherlock
54,64,-3397.3153092678444,voxel,13,early_visual,sherlock
55,65,-3389.166757869644,voxel,13,early_visual,sherlock
56,66,-3397.9466185612355,voxel,13,early_visual,sherlock
57,67,-3393.2909230071346,voxel,13,early_visual,sherlock
58,68,-3395.612042363828,voxel,13,early_visual,sherlock
59,69,-3395.5513090631985,voxel,13,early_visual,sherlock
60,70,-3397.2123707878523,voxel,13,early_visual,sherlock
61,71,-3392.8702725733847,voxel,13,early_visual,sherlock
62,72,-3395.5299268570348,voxel,13,early_visual,sherlock
63,73,-3393.4422445875093,voxel,13,early_visual,sherlock
64,74,-3399.0545280596684,voxel,13,early_visual,sherlock
65,75,-3399.7352445362408,voxel,13,early_visual,sherlock
66,76,-3397.080794122348,voxel,13,early_visual,sherlock
67,77,-3392.678777369339,voxel,13,early_visual,sherlock
68,78,-3403.1384590292046,voxel,13,early_visual,sherlock
69,79,-3403.132056006431,voxel,13,early_visual,sherlock
70,80,-3405.9347387164034,voxel,13,early_visual,sherlock
71,81,-3401.6049864941183,voxel,13,early_visual,sherlock
72,82,-3401.2247495697234,voxel,13,early_visual,sherlock
73,83,-3405.5519104275495,voxel,13,early_visual,sherlock
74,84,-3406.2060579601834,voxel,13,early_visual,sherlock
75,85,-3400.7765185427775,voxel,13,early_visual,sherlock
76,86,-3404.3496825957814,voxel,13,early_visual,sherlock
77,87,-3399.689639431164,voxel,13,early_visual,sherlock
78,88,-3409.4927834372443,voxel,13,early_visual,sherlock
79,89,-3399.7175808707493,voxel,13,early_visual,sherlock
80,90,-3399.875662089355,voxel,13,early_visual,sherlock
81,91,-3408.263884052096,voxel,13,early_visual,sherlock
82,92,-3403.5061579086396,voxel,13,early_visual,sherlock
83,93,-3415.084417208604,voxel,13,early_visual,sherlock
84,94,-3408.869047672019,voxel,13,early_visual,sherlock
85,95,-3409.8752949485815,voxel,13,early_visual,sherlock
86,96,-3406.942945383187,voxel,13,early_visual,sherlock
87,97,-3417.7397047447157,voxel,13,early_visual,sherlock
88,98,-3411.167624087604,voxel,13,early_visual,sherlock
89,99,-3418.734116024707,voxel,13,early_visual,sherlock
90,100,-3411.753833655636,voxel,13,early_visual,sherlock
91,101,-3421.7757075196823,voxel,13,early_visual,sherlock
92,102,-3411.253537761179,voxel,13,early_visual,sherlock
93,103,-3422.0046128711297,voxel,13,early_visual,sherlock
94,104,-3426.083019659373,voxel,13,early_visual,sherlock
95,105,-3417.852936398362,voxel,13,early_visual,sherlock
96,106,-3422.009185471728,voxel,13,early_visual,sherlock
97,107,-3423.331019079491,voxel,13,early_visual,sherlock
98,108,-3429.3501305726604,voxel,13,early_visual,sherlock
99,109,-3412.0028508087044,voxel,13,early_visual,sherlock
100,110,-3419.3449082277866,voxel,13,early_visual,sherlock
101,111,-3426.030101103447,voxel,13,early_visual,sherlock
102,112,-3421.0331827015493,voxel,13,early_visual,sherlock
103,113,-3417.0112606839675,voxel,13,early_visual,sherlock
104,114,-3414.044710053507,voxel,13,early_visual,sherlock
105,115,-3424.7967158209776,voxel,13,early_visual,sherlock
106,116,-3427.632295553275,voxel,13,early_visual,sherlock
107,117,-3416.9215641205815,voxel,13,early_visual,sherlock
108,118,-3425.303602855917,voxel,13,early_visual,sherlock
109,119,-3422.6553035201077,voxel,13,early_visual,sherlock
0,10,-3440.890370934374,voxel,14,early_visual,sherlock
1,11,-3440.6924137686588,voxel,14,early_visual,sherlock
2,12,-3440.4014069689433,voxel,14,early_visual,sherlock
3,13,-3433.1087015725157,voxel,14,early_visual,sherlock
4,14,-3441.1007906247855,voxel,14,early_visual,sherlock
5,15,-3434.6241232439816,voxel,14,early_visual,sherlock
6,16,-3433.907404767277,voxel,14,early_visual,sherlock
7,17,-3440.4375367707653,voxel,14,early_visual,sherlock
8,18,-3434.617640774263,voxel,14,early_visual,sherlock
9,19,-3436.017662189509,voxel,14,early_visual,sherlock
10,20,-3437.18929125637,voxel,14,early_visual,sherlock
11,21,-3440.508420339369,voxel,14,early_visual,sherlock
12,22,-3431.4279890759526,voxel,14,early_visual,sherlock
13,23,-3437.9897554007816,voxel,14,early_visual,sherlock
14,24,-3428.910002450128,voxel,14,early_visual,sherlock
15,25,-3430.0180108932877,voxel,14,early_visual,sherlock
16,26,-3434.0302360638098,voxel,14,early_visual,sherlock
17,27,-3431.6103132472203,voxel,14,early_visual,sherlock
18,28,-3427.812392440078,voxel,14,early_visual,sherlock
19,29,-3435.074861985693,voxel,14,early_visual,sherlock
20,30,-3437.514872734916,voxel,14,early_visual,sherlock
21,31,-3434.3623492643214,voxel,14,early_visual,sherlock
22,32,-3439.7209866528165,voxel,14,early_visual,sherlock
23,33,-3438.554937868187,voxel,14,early_visual,sherlock
24,34,-3434.6217130157515,voxel,14,early_visual,sherlock
25,35,-3438.961264901286,voxel,14,early_visual,sherlock
26,36,-3435.7361855222157,voxel,14,early_visual,sherlock
27,37,-3428.570231118462,voxel,14,early_visual,sherlock
28,38,-3439.8160488791136,voxel,14,early_visual,sherlock
29,39,-3436.355544994889,voxel,14,early_visual,sherlock
30,40,-3439.525748089657,voxel,14,early_visual,sherlock
31,41,-3441.760163324543,voxel,14,early_visual,sherlock
32,42,-3439.49472180551,voxel,14,early_visual,sherlock
33,43,-3440.2274375051065,voxel,14,early_visual,sherlock
34,44,-3441.5751299210997,voxel,14,early_visual,sherlock
35,45,-3441.8499675387675,voxel,14,early_visual,sherlock
36,46,-3445.7861297338914,voxel,14,early_visual,sherlock
37,47,-3441.6699615970465,voxel,14,early_visual,sherlock
38,48,-3447.9730973129263,voxel,14,early_visual,sherlock
39,49,-3446.712198988554,voxel,14,early_visual,sherlock
40,50,-3450.776075970503,voxel,14,early_visual,sherlock
41,51,-3449.7030619809493,voxel,14,early_visual,sherlock
42,52,-3456.4171789562884,voxel,14,early_visual,sherlock
43,53,-3454.8589479079064,voxel,14,early_visual,sherlock
44,54,-3454.3658456697895,voxel,14,early_visual,sherlock
45,55,-3454.36745867841,voxel,14,early_visual,sherlock
46,56,-3455.1344320313997,voxel,14,early_visual,sherlock
47,57,-3459.023789131271,voxel,14,early_visual,sherlock
48,58,-3457.568331152096,voxel,14,early_visual,sherlock
49,59,-3460.0241594747517,voxel,14,early_visual,sherlock
50,60,-3460.1953490576793,voxel,14,early_visual,sherlock
51,61,-3461.3422277106597,voxel,14,early_visual,sherlock
52,62,-3463.1716989027072,voxel,14,early_visual,sherlock
53,63,-3461.1827485042886,voxel,14,early_visual,sherlock
54,64,-3468.3485466063976,voxel,14,early_visual,sherlock
55,65,-3471.966966502526,voxel,14,early_visual,sherlock
56,66,-3466.223333118063,voxel,14,early_visual,sherlock
57,67,-3469.9592971112843,voxel,14,early_visual,sherlock
58,68,-3474.766024614481,voxel,14,early_visual,sherlock
59,69,-3473.6015003528887,voxel,14,early_visual,sherlock
60,70,-3476.539999223955,voxel,14,early_visual,sherlock
61,71,-3485.473754132351,voxel,14,early_visual,sherlock
62,72,-3486.692462353812,voxel,14,early_visual,sherlock
63,73,-3471.8637116923724,voxel,14,early_visual,sherlock
64,74,-3485.8614816454046,voxel,14,early_visual,sherlock
65,75,-3485.154301759645,voxel,14,early_visual,sherlock
66,76,-3492.9596357516943,voxel,14,early_visual,sherlock
67,77,-3495.464208814064,voxel,14,early_visual,sherlock
68,78,-3488.9869342614124,voxel,14,early_visual,sherlock
69,79,-3489.1632626563323,voxel,14,early_visual,sherlock
70,80,-3487.7189313217727,voxel,14,early_visual,sherlock
71,81,-3504.67869869751,voxel,14,early_visual,sherlock
72,82,-3501.292082973218,voxel,14,early_visual,sherlock
73,83,-3497.2941592015977,voxel,14,early_visual,sherlock
74,84,-3499.1902399246246,voxel,14,early_visual,sherlock
75,85,-3495.9581232719975,voxel,14,early_visual,sherlock
76,86,-3512.0501730504316,voxel,14,early_visual,sherlock
77,87,-3511.3969422366613,voxel,14,early_visual,sherlock
78,88,-3510.9774874175937,voxel,14,early_visual,sherlock
79,89,-3510.253591819987,voxel,14,early_visual,sherlock
80,90,-3513.6044395520657,voxel,14,early_visual,sherlock
81,91,-3511.7905243440964,voxel,14,early_visual,sherlock
82,92,-3526.650193626746,voxel,14,early_visual,sherlock
83,93,-3522.2848580720165,voxel,14,early_visual,sherlock
84,94,-3516.8946910499167,voxel,14,early_visual,sherlock
85,95,-3536.646924733745,voxel,14,early_visual,sherlock
86,96,-3533.7305643229233,voxel,14,early_visual,sherlock
87,97,-3530.4132931750923,voxel,14,early_visual,sherlock
88,98,-3533.131084786104,voxel,14,early_visual,sherlock
89,99,-3539.903662304079,voxel,14,early_visual,sherlock
90,100,-3542.3588172417326,voxel,14,early_visual,sherlock
91,101,-3546.4334751002175,voxel,14,early_visual,sherlock
92,102,-3555.7109099628374,voxel,14,early_visual,sherlock
93,103,-3544.2304977572,voxel,14,early_visual,sherlock
94,104,-3569.837286298318,voxel,14,early_visual,sherlock
95,105,-3559.6508124212096,voxel,14,early_visual,sherlock
96,106,-3585.57645115866,voxel,14,early_visual,sherlock
97,107,-3563.7879709902886,voxel,14,early_visual,sherlock
98,108,-3569.790840439466,voxel,14,early_visual,sherlock
99,109,-3565.0748975270194,voxel,14,early_visual,sherlock
100,110,-3556.647266680121,voxel,14,early_visual,sherlock
101,111,-3581.5989500595783,voxel,14,early_visual,sherlock
102,112,-3562.934861205624,voxel,14,early_visual,sherlock
103,113,-3579.328547333096,voxel,14,early_visual,sherlock
104,114,-3578.278624090252,voxel,14,early_visual,sherlock
105,115,-3578.5447125657543,voxel,14,early_visual,sherlock
106,116,-3578.5660220980017,voxel,14,early_visual,sherlock
107,117,-3576.1712476813077,voxel,14,early_visual,sherlock
108,118,-3566.4198646030914,voxel,14,early_visual,sherlock
109,119,-3594.2121350280713,voxel,14,early_visual,sherlock
0,10,-3429.4930544315657,voxel,15,early_visual,sherlock
1,11,-3428.2734598105726,voxel,15,early_visual,sherlock
2,12,-3428.3344044030596,voxel,15,early_visual,sherlock
3,13,-3425.8972854417643,voxel,15,early_visual,sherlock
4,14,-3423.101894389391,voxel,15,early_visual,sherlock
5,15,-3423.2397564572566,voxel,15,early_visual,sherlock
6,16,-3422.7919439637667,voxel,15,early_visual,sherlock
7,17,-3422.213252405078,voxel,15,early_visual,sherlock
8,18,-3418.6466841044717,voxel,15,early_visual,sherlock
9,19,-3416.98486286144,voxel,15,early_visual,sherlock
10,20,-3420.6891225863487,voxel,15,early_visual,sherlock
11,21,-3416.468126584224,voxel,15,early_visual,sherlock
12,22,-3417.238702290482,voxel,15,early_visual,sherlock
13,23,-3415.8128705640943,voxel,15,early_visual,sherlock
14,24,-3413.3107902190895,voxel,15,early_visual,sherlock
15,25,-3410.7603502751904,voxel,15,early_visual,sherlock
16,26,-3410.1472351887182,voxel,15,early_visual,sherlock
17,27,-3408.606192840433,voxel,15,early_visual,sherlock
18,28,-3410.69852464701,voxel,15,early_visual,sherlock
19,29,-3407.164903171369,voxel,15,early_visual,sherlock
20,30,-3416.783890391248,voxel,15,early_visual,sherlock
21,31,-3405.435941851398,voxel,15,early_visual,sherlock
22,32,-3417.951766610024,voxel,15,early_visual,sherlock
23,33,-3411.094914085001,voxel,15,early_visual,sherlock
24,34,-3410.0746849157235,voxel,15,early_visual,sherlock
25,35,-3414.935539424996,voxel,15,early_visual,sherlock
26,36,-3411.668200199479,voxel,15,early_visual,sherlock
27,37,-3411.9511500814165,voxel,15,early_visual,sherlock
28,38,-3413.436169662426,voxel,15,early_visual,sherlock
29,39,-3417.1427767821474,voxel,15,early_visual,sherlock
30,40,-3409.2500433359733,voxel,15,early_visual,sherlock
31,41,-3412.0623298270307,voxel,15,early_visual,sherlock
32,42,-3403.1305738322553,voxel,15,early_visual,sherlock
33,43,-3405.6263306705564,voxel,15,early_visual,sherlock
34,44,-3400.3554013036332,voxel,15,early_visual,sherlock
35,45,-3412.588139553775,voxel,15,early_visual,sherlock
36,46,-3405.80783729036,voxel,15,early_visual,sherlock
37,47,-3409.2599103558377,voxel,15,early_visual,sherlock
38,48,-3409.1294481326486,voxel,15,early_visual,sherlock
39,49,-3410.776555319443,voxel,15,early_visual,sherlock
40,50,-3402.989325641882,voxel,15,early_visual,sherlock
41,51,-3409.9951193646025,voxel,15,early_visual,sherlock
42,52,-3413.0026664915254,voxel,15,early_visual,sherlock
43,53,-3412.1545654939687,voxel,15,early_visual,sherlock
44,54,-3409.92325120861,voxel,15,early_visual,sherlock
45,55,-3399.490877791311,voxel,15,early_visual,sherlock
46,56,-3407.6670895975185,voxel,15,early_visual,sherlock
47,57,-3398.5282996436404,voxel,15,early_visual,sherlock
48,58,-3407.2309066207376,voxel,15,early_visual,sherlock
49,59,-3408.0443144842557,voxel,15,early_visual,sherlock
50,60,-3407.6376512038937,voxel,15,early_visual,sherlock
51,61,-3404.2828589474902,voxel,15,early_visual,sherlock
52,62,-3404.722354578262,voxel,15,early_visual,sherlock
53,63,-3405.121358548814,voxel,15,early_visual,sherlock
54,64,-3399.0616616962907,voxel,15,early_visual,sherlock
55,65,-3399.543473703907,voxel,15,early_visual,sherlock
56,66,-3401.5753317738954,voxel,15,early_visual,sherlock
57,67,-3412.620062239073,voxel,15,early_visual,sherlock
58,68,-3414.118419764351,voxel,15,early_visual,sherlock
59,69,-3412.175296997064,voxel,15,early_visual,sherlock
60,70,-3402.6190401590375,voxel,15,early_visual,sherlock
61,71,-3408.919457655033,voxel,15,early_visual,sherlock
62,72,-3404.12113873488,voxel,15,early_visual,sherlock
63,73,-3409.6802564441223,voxel,15,early_visual,sherlock
64,74,-3409.8553842990236,voxel,15,early_visual,sherlock
65,75,-3415.344393381322,voxel,15,early_visual,sherlock
66,76,-3415.619837018972,voxel,15,early_visual,sherlock
67,77,-3412.411119780012,voxel,15,early_visual,sherlock
68,78,-3413.08548534549,voxel,15,early_visual,sherlock
69,79,-3418.2040453999844,voxel,15,early_visual,sherlock
70,80,-3421.052553803139,voxel,15,early_visual,sherlock
71,81,-3420.9714050729303,voxel,15,early_visual,sherlock
72,82,-3417.8930323961977,voxel,15,early_visual,sherlock
73,83,-3421.7770114654645,voxel,15,early_visual,sherlock
74,84,-3422.739065584015,voxel,15,early_visual,sherlock
75,85,-3421.742688641696,voxel,15,early_visual,sherlock
76,86,-3422.989358493907,voxel,15,early_visual,sherlock
77,87,-3428.9242354776297,voxel,15,early_visual,sherlock
78,88,-3429.9239019386173,voxel,15,early_visual,sherlock
79,89,-3426.46746664708,voxel,15,early_visual,sherlock
80,90,-3424.5988925672755,voxel,15,early_visual,sherlock
81,91,-3431.708068889644,voxel,15,early_visual,sherlock
82,92,-3424.1204617243097,voxel,15,early_visual,sherlock
83,93,-3426.3525007632666,voxel,15,early_visual,sherlock
84,94,-3423.0426099421757,voxel,15,early_visual,sherlock
85,95,-3428.3246404685697,voxel,15,early_visual,sherlock
86,96,-3426.445976524156,voxel,15,early_visual,sherlock
87,97,-3429.5414355288576,voxel,15,early_visual,sherlock
88,98,-3423.041073547424,voxel,15,early_visual,sherlock
89,99,-3432.825552781225,voxel,15,early_visual,sherlock
90,100,-3432.180665493184,voxel,15,early_visual,sherlock
91,101,-3440.3906738435744,voxel,15,early_visual,sherlock
92,102,-3437.432025258221,voxel,15,early_visual,sherlock
93,103,-3436.399334167572,voxel,15,early_visual,sherlock
94,104,-3431.4279259604978,voxel,15,early_visual,sherlock
95,105,-3447.152995399618,voxel,15,early_visual,sherlock
96,106,-3441.0125500027257,voxel,15,early_visual,sherlock
97,107,-3440.0142634198032,voxel,15,early_visual,sherlock
98,108,-3436.2263340342442,voxel,15,early_visual,sherlock
99,109,-3446.492582052449,voxel,15,early_visual,sherlock
100,110,-3439.9311419452156,voxel,15,early_visual,sherlock
101,111,-3448.9838204316266,voxel,15,early_visual,sherlock
102,112,-3448.6781289747505,voxel,15,early_visual,sherlock
103,113,-3460.4771586737374,voxel,15,early_visual,sherlock
104,114,-3471.4250480139804,voxel,15,early_visual,sherlock
105,115,-3462.669165103425,voxel,15,early_visual,sherlock
106,116,-3464.446171369406,voxel,15,early_visual,sherlock
107,117,-3464.0981533633862,voxel,15,early_visual,sherlock
108,118,-3453.8423207954593,voxel,15,early_visual,sherlock
109,119,-3471.213001379195,voxel,15,early_visual,sherlock
0,10,-3453.3058544886862,voxel,16,early_visual,sherlock
1,11,-3451.664660884545,voxel,16,early_visual,sherlock
2,12,-3454.3816674654163,voxel,16,early_visual,sherlock
3,13,-3449.831089699678,voxel,16,early_visual,sherlock
4,14,-3450.875609330211,voxel,16,early_visual,sherlock
5,15,-3446.183555215507,voxel,16,early_visual,sherlock
6,16,-3437.1175430081475,voxel,16,early_visual,sherlock
7,17,-3440.884858172759,voxel,16,early_visual,sherlock
8,18,-3432.330540978094,voxel,16,early_visual,sherlock
9,19,-3438.3426801475257,voxel,16,early_visual,sherlock
10,20,-3433.646636212334,voxel,16,early_visual,sherlock
11,21,-3434.524707348047,voxel,16,early_visual,sherlock
12,22,-3427.6550133358323,voxel,16,early_visual,sherlock
13,23,-3429.9397090571506,voxel,16,early_visual,sherlock
14,24,-3428.498233241188,voxel,16,early_visual,sherlock
15,25,-3425.6526008583146,voxel,16,early_visual,sherlock
16,26,-3436.4347845375123,voxel,16,early_visual,sherlock
17,27,-3435.2255438222255,voxel,16,early_visual,sherlock
18,28,-3426.3342185442516,voxel,16,early_visual,sherlock
19,29,-3433.2301075862265,voxel,16,early_visual,sherlock
20,30,-3421.9157615967583,voxel,16,early_visual,sherlock
21,31,-3432.445696449548,voxel,16,early_visual,sherlock
22,32,-3426.233179323393,voxel,16,early_visual,sherlock
23,33,-3432.634889892761,voxel,16,early_visual,sherlock
24,34,-3425.642882242458,voxel,16,early_visual,sherlock
25,35,-3429.1990879987297,voxel,16,early_visual,sherlock
26,36,-3424.961438154049,voxel,16,early_visual,sherlock
27,37,-3428.392839269386,voxel,16,early_visual,sherlock
28,38,-3421.281313077829,voxel,16,early_visual,sherlock
29,39,-3422.3194207919614,voxel,16,early_visual,sherlock
30,40,-3424.8300122706546,voxel,16,early_visual,sherlock
31,41,-3426.0155468534226,voxel,16,early_visual,sherlock
32,42,-3427.916141205849,voxel,16,early_visual,sherlock
33,43,-3428.9889964003537,voxel,16,early_visual,sherlock
34,44,-3431.689433523388,voxel,16,early_visual,sherlock
35,45,-3418.620874414259,voxel,16,early_visual,sherlock
36,46,-3428.820677671868,voxel,16,early_visual,sherlock
37,47,-3422.8961977296194,voxel,16,early_visual,sherlock
38,48,-3430.9799645472917,voxel,16,early_visual,sherlock
39,49,-3422.272902883027,voxel,16,early_visual,sherlock
40,50,-3422.7398700748745,voxel,16,early_visual,sherlock
41,51,-3420.7723183796784,voxel,16,early_visual,sherlock
42,52,-3419.935545701445,voxel,16,early_visual,sherlock
43,53,-3427.2819159561377,voxel,16,early_visual,sherlock
44,54,-3427.1063319912887,voxel,16,early_visual,sherlock
45,55,-3447.517222142564,voxel,16,early_visual,sherlock
46,56,-3427.10152035485,voxel,16,early_visual,sherlock
47,57,-3425.2004040986626,voxel,16,early_visual,sherlock
48,58,-3433.54527660423,voxel,16,early_visual,sherlock
49,59,-3439.7667779677354,voxel,16,early_visual,sherlock
50,60,-3418.3293467915933,voxel,16,early_visual,sherlock
51,61,-3434.3129726566112,voxel,16,early_visual,sherlock
52,62,-3434.3751129089137,voxel,16,early_visual,sherlock
53,63,-3427.0713491320503,voxel,16,early_visual,sherlock
54,64,-3432.767020140154,voxel,16,early_visual,sherlock
55,65,-3432.4297800132094,voxel,16,early_visual,sherlock
56,66,-3432.674014081751,voxel,16,early_visual,sherlock
57,67,-3441.931426363737,voxel,16,early_visual,sherlock
58,68,-3433.338085049467,voxel,16,early_visual,sherlock
59,69,-3429.3383328064397,voxel,16,early_visual,sherlock
60,70,-3431.1294704845636,voxel,16,early_visual,sherlock
61,71,-3430.807483950863,voxel,16,early_visual,sherlock
62,72,-3438.424558578408,voxel,16,early_visual,sherlock
63,73,-3437.0102496624877,voxel,16,early_visual,sherlock
64,74,-3436.829425000782,voxel,16,early_visual,sherlock
65,75,-3437.8306373507844,voxel,16,early_visual,sherlock
66,76,-3433.5937261008867,voxel,16,early_visual,sherlock
67,77,-3444.48846698095,voxel,16,early_visual,sherlock
68,78,-3440.8768289310206,voxel,16,early_visual,sherlock
69,79,-3443.3735663693583,voxel,16,early_visual,sherlock
70,80,-3434.5789247670623,voxel,16,early_visual,sherlock
71,81,-3445.976634141779,voxel,16,early_visual,sherlock
72,82,-3445.8970332756508,voxel,16,early_visual,sherlock
73,83,-3447.6063972125,voxel,16,early_visual,sherlock
74,84,-3444.02601772598,voxel,16,early_visual,sherlock
75,85,-3443.3057684105693,voxel,16,early_visual,sherlock
76,86,-3445.7209947241604,voxel,16,early_visual,sherlock
77,87,-3448.4010184588924,voxel,16,early_visual,sherlock
78,88,-3449.8616316564303,voxel,16,early_visual,sherlock
79,89,-3451.7614227317295,voxel,16,early_visual,sherlock
80,90,-3448.6650906388963,voxel,16,early_visual,sherlock
81,91,-3445.1991270235744,voxel,16,early_visual,sherlock
82,92,-3454.2147877828047,voxel,16,early_visual,sherlock
83,93,-3450.265962732252,voxel,16,early_visual,sherlock
84,94,-3455.2058304093407,voxel,16,early_visual,sherlock
85,95,-3452.7211481692843,voxel,16,early_visual,sherlock
86,96,-3460.273777807791,voxel,16,early_visual,sherlock
87,97,-3463.054197205197,voxel,16,early_visual,sherlock
88,98,-3461.950372560661,voxel,16,early_visual,sherlock
89,99,-3455.6363154390647,voxel,16,early_visual,sherlock
90,100,-3467.3745852269312,voxel,16,early_visual,sherlock
91,101,-3456.0299458165578,voxel,16,early_visual,sherlock
92,102,-3470.488762416119,voxel,16,early_visual,sherlock
93,103,-3470.1886217017945,voxel,16,early_visual,sherlock
94,104,-3480.498203101717,voxel,16,early_visual,sherlock
95,105,-3470.091360678967,voxel,16,early_visual,sherlock
96,106,-3475.6253894472043,voxel,16,early_visual,sherlock
97,107,-3464.15199769485,voxel,16,early_visual,sherlock
98,108,-3476.1718118628173,voxel,16,early_visual,sherlock
99,109,-3483.884656766676,voxel,16,early_visual,sherlock
100,110,-3482.2172114712303,voxel,16,early_visual,sherlock
101,111,-3477.9569697408338,voxel,16,early_visual,sherlock
102,112,-3470.1867971900997,voxel,16,early_visual,sherlock
103,113,-3475.4220652307777,voxel,16,early_visual,sherlock
104,114,-3478.400069138251,voxel,16,early_visual,sherlock
105,115,-3489.678713119695,voxel,16,early_visual,sherlock
106,116,-3478.424680619362,voxel,16,early_visual,sherlock
107,117,-3477.667912045935,voxel,16,early_visual,sherlock
108,118,-3476.7586024492894,voxel,16,early_visual,sherlock
109,119,-3486.346455148572,voxel,16,early_visual,sherlock
